-- phpMyAdmin SQL Dump
-- version 4.5.4.1
-- http://www.phpmyadmin.net
--
-- Host: localhost
-- Generation Time: Jan 14, 2025 at 06:46 PM
-- Server version: 5.7.11
-- PHP Version: 5.6.18

SET SQL_MODE = "NO_AUTO_VALUE_ON_ZERO";
SET time_zone = "+00:00";


/*!40101 SET @OLD_CHARACTER_SET_CLIENT=@@CHARACTER_SET_CLIENT */;
/*!40101 SET @OLD_CHARACTER_SET_RESULTS=@@CHARACTER_SET_RESULTS */;
/*!40101 SET @OLD_COLLATION_CONNECTION=@@COLLATION_CONNECTION */;
/*!40101 SET NAMES utf8mb4 */;

--
-- Database: `autodata1`
--

-- --------------------------------------------------------

--
-- Table structure for table `car_fuse_box`
--

CREATE TABLE `car_fuse_box` (
  `id` int(11) NOT NULL,
  `marke_name` enum('BMW','Hyundai','Toyota','Ford','Chevrolet','Nissan','Volkswagen','Kia','Honda','Mazda','Acura','Alfa Romeo','Audi','Buick','BYD','Cadillac','Chery','Chrysler','Citroen','Dodge / Ram','Fiat','GAC','Genesis','GMC','Holden','Hummer','Infiniti','Isuzu','Jaguar','Jeep','Lancia','Land Rover','Lexus','Lincoln','Mahindra','Mercedes-Benz','Mercury','MINI','Mitsubishi','Nio','Oldsmobile','Opel / Vauxhall','Peugeot','Pontiac','Porsche','Renault','Saab','Saturn','Scion','SEAT / Cupra','Skoda','Smart','Subaru','Suzuki','Tesla','Volvo') NOT NULL,
  `marke_image` varchar(255) NOT NULL,
  `model_name` varchar(255) NOT NULL,
  `description1` text,
  `description2` text,
  `description3` text,
  `image_path1` varchar(255) DEFAULT NULL,
  `image_path2` varchar(255) DEFAULT NULL,
  `image_path3` varchar(255) DEFAULT NULL
) ENGINE=InnoDB DEFAULT CHARSET=latin1;

--
-- Dumping data for table `car_fuse_box`
--

INSERT INTO `car_fuse_box` (`id`, `marke_name`, `marke_image`, `model_name`, `description1`, `description2`, `description3`, `image_path1`, `image_path2`, `image_path3`) VALUES
(1, 'BMW', 'images/logos/BMW.png', 'BMW 1-series (E81E82E87E88; 2004-2013)', 'Open the glove compartment, remove the damper (arrow 1) from the lower holder by applying forward pressure, disengage the glove compartment by pressing on both tabs (arrows 2) and fold it down.', 'Description of BMW 1 Series - Feature 3', 'Description of BMW 1 Series - Feature 3', 'images/car_fuse_box/BMW/BMW 1-series (E81E82E87E88; 2004-2013)/Fuse Box Location.png', 'images/car_fuse_box/BMW/BMW 1-series (E81E82E87E88; 2004-2013)/Fuse box diagram (Type 1).png', 'images/car_fuse_box/BMW/BMW 1-series (E81E82E87E88; 2004-2013)/Fuse box diagram (Type 2).png'),
(2, 'Hyundai', 'images/logos/hyundai.png', 'Hyundai Accent', 'Description of Hyundai Accent - Feature 1', 'Description of Hyundai Accent - Feature 2', 'Description of Hyundai Accent - Feature 3', 'images/ECUMODELS/Hyundai/image1.jpg', 'images/car_fuse_box/Hyundai/image2.jpg', 'images/car_fuse_box/Hyundai/image3.jpg'),
(3, 'Hyundai', 'images/logos/hyundai.png', 'Hyundai Accent', 'Description of Hyundai Accent - Feature 1', 'Description of Hyundai Accent - Feature 2', 'Description of Hyundai Accent - Feature 3', 'images/car_fuse_box/Hyundai/image1.jpg', 'images/car_fuse_box/Hyundai/image2.jpg', 'images/car_fuse_box/Hyundai/image3.jpg'),
(4, 'BMW', 'images/logos/BMW.png', 'BMW 1-Series (F20F21; 2012-2017)', 'Description of BMW 1 Series - Feature 1', 'Description of BMW 1 Series - Feature 2', 'Description of BMW 1 Series - Feature 3', 'images/car_fuse_box/Hyundai/image1.jpg', 'images/car_fuse_box/BMW/image2.jpg', 'images/car_fuse_box/Hyundai/image3.jpg'),
(5, 'BMW', 'images/logos/BMW.png', 'BMW 1-series (E81E82E87E88; 2004-2013)', 'Description of BMW 1 Series - Feature 1', 'Description of BMW 1 Series - Feature 2', 'Description of BMW 1 Series - Feature 3', 'images/car_fuse_box/Hyundai/image1.jpg', 'images/car_fuse_box/BMW/image2.jpg', 'images/car_fuse_box/Hyundai/image3.jpg'),
(6, 'BMW', 'images/logos/BMW.png', 'BMW 1-Series (F20F21; 2012-2017)', 'Description of BMW 1 Series - Feature 1', 'Description of BMW 1 Series - Feature 2', 'Description of BMW 1 Series - Feature 3', 'images/car_fuse_box/Hyundai/image1.jpg', 'images/car_fuse_box/BMW/image2.jpg', 'images/car_fuse_box/Hyundai/image3.jpg'),
(7, 'BMW', 'images/logos/BMW.png', 'BMW 1-series (E81E82E87E88; 2004-2013)', 'Description of BMW 1 Series - Feature 1', 'Description of BMW 1 Series - Feature 2', 'Description of BMW 1 Series - Feature 3', 'images/car_fuse_box/Hyundai/image1.jpg', 'images/car_fuse_box/BMW/image2.jpg', 'images/car_fuse_box/Hyundai/image3.jpg'),
(8, 'BMW', 'images/logos/BMW.png', 'BMW 1-Series (F20F21; 2012-2017)', 'Description of BMW 1 Series - Feature 1', 'Description of BMW 1 Series - Feature 2', 'Description of BMW 1 Series - Feature 3', 'images/car_fuse_box/Hyundai/image1.jpg', 'images/car_fuse_box/BMW/image2.jpg', 'images/car_fuse_box/Hyundai/image3.jpg'),
(9, 'BMW', 'images/logos/BMW.png', 'BMW 1-series (E81E82E87E88; 2004-2013)', 'Description of BMW 1 Series - Feature 1', 'Description of BMW 1 Series - Feature 2', 'Description of BMW 1 Series - Feature 3', 'images/car_fuse_box/Hyundai/image1.jpg', 'images/car_fuse_box/BMW/image2.jpg', 'images/car_fuse_box/Hyundai/image3.jpg'),
(10, 'BMW', 'images/logos/BMW.png', 'BMW 1-Series (F20F21; 2012-2017)', 'Description of BMW 1 Series - Feature 1', 'Description of BMW 1 Series - Feature 2', 'Description of BMW 1 Series - Feature 3', 'images/car_fuse_box/Hyundai/image1.jpg', 'images/car_fuse_box/BMW/image2.jpg', 'images/car_fuse_box/Hyundai/image3.jpg'),
(11, 'BMW', 'images/logos/BMW.png', 'BMW 1-series (E81E82E87E88; 2004-2013)', 'Description of BMW 1 Series - Feature 1', 'Description of BMW 1 Series - Feature 2', 'Description of BMW 1 Series - Feature 3', 'images/car_fuse_box/Hyundai/image1.jpg', 'images/car_fuse_box/BMW/image2.jpg', 'images/car_fuse_box/Hyundai/image3.jpg'),
(12, 'BMW', 'images/logos/BMW.png', 'BMW 1-Series (F20F21; 2012-2017)', 'Description of BMW 1 Series - Feature 1', 'Description of BMW 1 Series - Feature 2', 'Description of BMW 1 Series - Feature 3', 'images/car_fuse_box/Hyundai/image1.jpg', 'images/car_fuse_box/BMW/image2.jpg', 'images/car_fuse_box/Hyundai/image3.jpg'),
(13, 'BMW', 'images/logos/BMW.png', 'BMW 1-series (E81E82E87E88; 2004-2013)', 'Description of BMW 1 Series - Feature 1', 'Description of BMW 1 Series - Feature 2', 'Description of BMW 1 Series - Feature 3', 'images/car_fuse_box/Hyundai/image1.jpg', 'images/car_fuse_box/BMW/image2.jpg', 'images/car_fuse_box/Hyundai/image3.jpg'),
(14, 'BMW', 'images/logos/BMW.png', 'BMW 1-Series (F20F21; 2012-2017)', 'Description of BMW 1 Series - Feature 1', 'Description of BMW 1 Series - Feature 2', 'Description of BMW 1 Series - Feature 3', 'images/car_fuse_box/Hyundai/image1.jpg', 'images/car_fuse_box/BMW/image2.jpg', 'images/car_fuse_box/Hyundai/image3.jpg'),
(15, 'BMW', 'images/logos/BMW.png', 'BMW 1-series (E81E82E87E88; 2004-2013)', 'Description of BMW 1 Series - Feature 1', 'Description of BMW 1 Series - Feature 2', 'Description of BMW 1 Series - Feature 3', 'images/car_fuse_box/Hyundai/image1.jpg', 'images/car_fuse_box/BMW/image2.jpg', 'images/car_fuse_box/Hyundai/image3.jpg'),
(16, 'BMW', 'images/logos/BMW.png', 'BMW 1-Series (F20F21; 2012-2017)', 'Description of BMW 1 Series - Feature 1', 'Description of BMW 1 Series - Feature 2', 'Description of BMW 1 Series - Feature 3', 'images/car_fuse_box/Hyundai/image1.jpg', 'images/car_fuse_box/BMW/image2.jpg', 'images/car_fuse_box/Hyundai/image3.jpg'),
(17, 'BMW', 'images/logos/BMW.png', 'BMW 1-series (E81E82E87E88; 2004-2013)', 'Description of BMW 1 Series - Feature 1', 'Description of BMW 1 Series - Feature 2', 'Description of BMW 1 Series - Feature 3', 'images/car_fuse_box/Hyundai/image1.jpg', 'images/car_fuse_box/BMW/image2.jpg', 'images/car_fuse_box/Hyundai/image3.jpg'),
(18, 'BMW', 'images/logos/BMW.png', 'BMW 1-Series (F20F21; 2012-2017)', 'Description of BMW 1 Series - Feature 1', 'Description of BMW 1 Series - Feature 2', 'Description of BMW 1 Series - Feature 3', 'images/car_fuse_box/Hyundai/image1.jpg', 'images/car_fuse_box/BMW/image2.jpg', 'images/car_fuse_box/Hyundai/image3.jpg'),
(19, 'BMW', 'images/logos/BMW.png', 'BMW 1-Series (F20F21; 2012-2017)', 'Description of BMW 1 Series - Feature 1', 'Description of BMW 1 Series - Feature 2', 'Description of BMW 1 Series - Feature 3', 'images/car_fuse_box/Hyundai/image1.jpg', 'images/car_fuse_box/BMW/image2.jpg', 'images/car_fuse_box/Hyundai/image3.jpg'),
(20, 'BMW', 'images/logos/BMW.png', 'BMW 1-series (E81E82E87E88; 2004-2013)', 'Description of BMW 1 Series - Feature 1', 'Description of BMW 1 Series - Feature 2', 'Description of BMW 1 Series - Feature 3', 'images/car_fuse_box/Hyundai/image1.jpg', 'images/car_fuse_box/BMW/image2.jpg', 'images/car_fuse_box/Hyundai/image3.jpg'),
(21, 'BMW', 'images/logos/BMW.png', 'BMW 1-Series (F20F21; 2012-2017)', 'Description of BMW 1 Series - Feature 1', 'Description of BMW 1 Series - Feature 2', 'Description of BMW 1 Series - Feature 3', 'images/car_fuse_box/Hyundai/image1.jpg', 'images/car_fuse_box/BMW/image2.jpg', 'images/car_fuse_box/Hyundai/image3.jpg'),
(22, 'BMW', 'images/logos/BMW.png', 'BMW 1-series (E81E82E87E88; 2004-2013)', 'Description of BMW 1 Series - Feature 1', 'Description of BMW 1 Series - Feature 2', 'Description of BMW 1 Series - Feature 3', 'images/car_fuse_box/Hyundai/image1.jpg', 'images/car_fuse_box/BMW/image2.jpg', 'images/car_fuse_box/Hyundai/image3.jpg'),
(23, 'BMW', 'images/logos/BMW.png', 'BMW 1-Series (F20F21; 2012-2017)', 'Description of BMW 1 Series - Feature 1', 'Description of BMW 1 Series - Feature 2', 'Description of BMW 1 Series - Feature 3', 'images/car_fuse_box/Hyundai/image1.jpg', 'images/car_fuse_box/BMW/image2.jpg', 'images/car_fuse_box/Hyundai/image3.jpg'),
(24, 'BMW', 'images/logos/BMW.png', 'BMW 1-series (E81E82E87E88; 2004-2013)', 'Description of BMW 1 Series - Feature 1', 'Description of BMW 1 Series - Feature 2', 'Description of BMW 1 Series - Feature 3', 'images/car_fuse_box/Hyundai/image1.jpg', 'images/car_fuse_box/BMW/image2.jpg', 'images/car_fuse_box/Hyundai/image3.jpg'),
(25, 'BMW', 'images/logos/BMW.png', 'BMW 1-Series (F20F21; 2012-2017)', 'Description of BMW 1 Series - Feature 1', 'Description of BMW 1 Series - Feature 2', 'Description of BMW 1 Series - Feature 3', 'images/car_fuse_box/Hyundai/image1.jpg', 'images/car_fuse_box/BMW/image2.jpg', 'images/car_fuse_box/Hyundai/image3.jpg'),
(26, 'Toyota', 'images/logos/Toyota.png', 'Hyundai Accent', 'Description of Hyundai Accent - Feature 1', 'Description of Hyundai Accent - Feature 2', 'Description of Hyundai Accent - Feature 3', 'images/car_fuse_box/Hyundai/image1.jpg', 'images/car_fuse_box/Hyundai/image2.jpg', 'images/car_fuse_box/Hyundai/image3.jpg'),
(27, 'Ford', 'images/logos/Ford.png', 'Hyundai Accent', 'Description of Hyundai Accent - Feature 1', 'Description of Hyundai Accent - Feature 2', 'Description of Hyundai Accent - Feature 3', 'images/car_fuse_box/Hyundai/image1.jpg', 'images/car_fuse_box/Hyundai/image2.jpg', 'images/car_fuse_box/Hyundai/image3.jpg'),
(28, 'Chevrolet', 'images/logos/Chevrolet.png', 'Hyundai Accent', 'Description of Hyundai Accent - Feature 1', 'Description of Hyundai Accent - Feature 2', 'Description of Hyundai Accent - Feature 3', 'images/car_fuse_box/Hyundai/image1.jpg', 'images/car_fuse_box/Hyundai/image2.jpg', 'images/car_fuse_box/Hyundai/image3.jpg'),
(29, 'Nissan', 'images/logos/nissan.png', 'Hyundai Accent', 'Description of Hyundai Accent - Feature 1', 'Description of Hyundai Accent - Feature 2', 'Description of Hyundai Accent - Feature 3', 'images/car_fuse_box/Hyundai/image1.jpg', 'images/car_fuse_box/Hyundai/image2.jpg', 'images/car_fuse_box/Hyundai/image3.jpg'),
(30, 'Volkswagen', 'images/logos/volkswagen.png', 'Hyundai Accent', 'Description of Hyundai Accent - Feature 1', 'Description of Hyundai Accent - Feature 2', 'Description of Hyundai Accent - Feature 3', 'images/car_fuse_box/Hyundai/image1.jpg', 'images/car_fuse_box/Hyundai/image2.jpg', 'images/car_fuse_box/Hyundai/image3.jpg'),
(31, 'Kia', 'images/logos/kia-1.png', 'Hyundai Accent', 'Description of Hyundai Accent - Feature 1', 'Description of Hyundai Accent - Feature 2', 'Description of Hyundai Accent - Feature 3', 'images/car_fuse_box/Hyundai/image1.jpg', 'images/car_fuse_box/Hyundai/image2.jpg', 'images/car_fuse_box/Hyundai/image3.jpg'),
(32, 'Honda', 'images/logos/honda.png', 'Hyundai Accent', 'Description of Hyundai Accent - Feature 1', 'Description of Hyundai Accent - Feature 2', 'Description of Hyundai Accent - Feature 3', 'images/ECUMODELS/Hyundai/image1.jpg', 'images/car_fuse_box/Hyundai/image2.jpg', 'images/car_fuse_box/Hyundai/image3.jpg'),
(33, 'Mazda', 'images/logos/mazda-1.png', 'Hyundai Accent', 'Description of Hyundai Accent - Feature 1', 'Description of Hyundai Accent - Feature 2', 'Description of Hyundai Accent - Feature 3', 'images/car_fuse_box/Hyundai/image1.jpg', 'images/car_fuse_box/Hyundai/image2.jpg', 'images/car_fuse_box/Hyundai/image3.jpg'),
(34, 'Acura', 'images/logos/Acura.png', 'Hyundai Accent', 'Description of Hyundai Accent - Feature 1', 'Description of Hyundai Accent - Feature 2', 'Description of Hyundai Accent - Feature 3', 'images/car_fuse_box/Hyundai/image1.jpg', 'images/car_fuse_box/Hyundai/image2.jpg', 'images/car_fuse_box/Hyundai/image3.jpg'),
(35, 'Alfa Romeo', 'images/logos/alfaromeo.png', 'Hyundai Accent', 'Description of Hyundai Accent - Feature 1', 'Description of Hyundai Accent - Feature 2', 'Description of Hyundai Accent - Feature 3', 'images/car_fuse_box/Hyundai/image1.jpg', 'images/car_fuse_box/Hyundai/image2.jpg', 'images/car_fuse_box/Hyundai/image3.jpg');

-- --------------------------------------------------------

--
-- Table structure for table `ecu_models`
--

CREATE TABLE `ecu_models` (
  `model_id` int(11) NOT NULL,
  `marke` varchar(255) NOT NULL,
  `model_name` varchar(255) NOT NULL,
  `model_description` text NOT NULL,
  `image_path` varchar(255) NOT NULL
) ENGINE=InnoDB DEFAULT CHARSET=latin1;

--
-- Dumping data for table `ecu_models`
--

INSERT INTO `ecu_models` (`model_id`, `marke`, `model_name`, `model_description`, `image_path`) VALUES
(1, 'BMW', 'Bosch BMS 4.6', 'Bosch BMS 4.6', 'images/ECUMODELS/BMW/Bosch BMS 4.6.JPG'),
(2, 'BMW', 'Bosch EDC15C35', 'Bosch EDC15C35', 'images/ECUMODELS/BMW/Bosch EDC15C35.jpg'),
(35, 'Alfa-Romeo', 'Bosch EDC15C5', 'Bosch EDC15C5', 'images/ECUMODELS/Alfa-Romeo/Bosch EDC15C5.JPG'),
(36, 'Alfa-Romeo', 'Bosch EDC15C7', 'Bosch EDC15C7', 'images/ECUMODELS/Alfa-Romeo/Bosch EDC15C7.JPG'),
(37, 'Alfa-Romeo', 'Bosch EDC16C39', 'Bosch EDC16C39', 'images/ECUMODELS/Alfa-Romeo/Bosch EDC16C39.JPG'),
(38, 'Alfa-Romeo', 'Bosch EDC16C8', 'Bosch EDC16C8', 'images/ECUMODELS/Alfa-Romeo/Bosch EDC16C8.JPG'),
(39, 'Alfa-Romeo', 'Bosch EDC17C49', 'Bosch EDC17C49', 'images/ECUMODELS/Alfa-Romeo/Bosch EDC17C49.JPG'),
(40, 'Alfa-Romeo', 'Bosch ME 2.1', 'Bosch ME 2.1', 'images/ECUMODELS/Alfa-Romeo/Bosch ME 2.1.JPG'),
(41, 'Alfa-Romeo', 'Bosch ME 7.3.1', 'Bosch ME 7.3.1', 'images/ECUMODELS/Alfa-Romeo/Bosch ME 7.3.1.JPG'),
(42, 'Alfa-Romeo', 'Bosch ME 7.9.10', 'Bosch ME 7.9.10', 'images/ECUMODELS/Alfa-Romeo/Bosch ME 7.9.10.JPG'),
(43, 'Alfa-Romeo', 'Bosch MED 7.1.1', 'Bosch MED 7.1.1', 'images/ECUMODELS/Alfa-Romeo/Bosch MED 7.1.1.JPG'),
(44, 'Alfa-Romeo', 'EDC15C7', 'EDC15C7', 'images/ECUMODELS/Alfa-Romeo/EDC15C7.JPG'),
(45, 'Alfa-Romeo', 'M155', 'M155', 'images/ECUMODELS/Alfa-Romeo/M155.JPG'),
(46, 'BMW', 'Bosch EDC16C31', 'Bosch EDC16C31', 'images/ECUMODELS/BMW/Bosch EDC16C31.JPG'),
(47, 'BMW', 'Bosch EDC17C06', 'Bosch EDC17C06', 'images/ECUMODELS/BMW/Bosch EDC17C06.JPG'),
(48, 'BMW', 'Bosch EDC17C41', 'Bosch EDC17C41', 'images/ECUMODELS/BMW/Bosch EDC17C41.JPG'),
(49, 'BMW', 'Bosch EDC17CP02', 'Bosch EDC17CP02', 'images/ECUMODELS/BMW/Bosch EDC17CP02.JPG'),
(50, 'BMW', 'Bosch EDC17CP09', 'Bosch EDC17CP09', 'images/ECUMODELS/BMW/Bosch EDC17CP09.JPG'),
(51, 'BMW', 'Bosch EDC17CP45', 'Bosch EDC17CP45', 'images/ECUMODELS/BMW/Bosch EDC17CP45.JPG'),
(52, 'BMW', 'Bosch EDC17CP50', 'Bosch EDC17CP50', 'images/ECUMODELS/BMW/Bosch EDC17CP50.JPG'),
(53, 'BMW', 'Bosch M 5.2', 'Bosch M 5.2', 'images/ECUMODELS/BMW/Bosch M 5.2.JPG'),
(54, 'BMW', 'Bosch M5.2.1', 'Bosch M5.2.1', 'images/ECUMODELS/BMW/Bosch M5.2.1.JPG'),
(55, 'BMW', 'Bosch ME 7.2', 'Bosch ME 7.2', 'images/ECUMODELS/BMW/Bosch ME 7.2.JPG'),
(56, 'BMW', 'Bosch ME 9.24', 'Bosch ME 9.24', 'images/ECUMODELS/BMW/Bosch ME 9.24.JPG'),
(57, 'BMW', 'Bosch MEVD 17X', 'Bosch MEVD 17X', 'images/ECUMODELS/BMW/Bosch MEVD 17X.JPG'),
(58, 'BMW', 'Siemens DDE 3', 'Siemens DDE 3', 'images/ECUMODELS/BMW/Siemens DDE 3.JPG'),
(59, 'BMW', 'Siemens DDE 4', 'Siemens DDE 4', 'images/ECUMODELS/BMW/Siemens DDE 4.JPG'),
(60, 'BMW', 'Siemens MS41', 'Siemens MS41', 'images/ECUMODELS/BMW/Siemens MS41.JPG'),
(61, 'BMW', 'Siemens MS42', 'Siemens MS42', 'images/ECUMODELS/BMW/Siemens MS42.JPG'),
(62, 'BMW', 'Siemens MS43', 'Siemens MS43', 'images/ECUMODELS/BMW/Siemens MS43.JPG'),
(63, 'BMW', 'Siemens MSDMSV 8x', 'Siemens MSDMSV 8x', 'images/ECUMODELS/BMW/Siemens MSDMSV 8x.JPG'),
(64, 'BMW', 'Siemens MSx 70', 'Siemens MSx 70', 'images/ECUMODELS/BMW/Siemens MSx 70.JPG'),
(65, 'Chevrolet', 'Bosch EDC17C18', 'Bosch EDC17C18', 'images/ECUMODELS/Chevrolet/Bosch EDC17C18.JPG'),
(66, 'Chrysler', 'Bosch ME 2.8.1', 'Bosch ME 2.8.1', 'images/ECUMODELS/Chrysler/Bosch ME 2.8.1.JPG'),
(67, 'Citroen', 'Bosch EDC15C2', 'Description of Bosch EDC15C2', 'images/ECUMODELS/Citroen/Bosch EDC15C2.jpg'),
(68, 'Citroen', 'Bosch EDC16C34', 'Description of Bosch EDC16C34', 'images/ECUMODELS/Citroen/Bosch EDC16C34.jpg'),
(69, 'Citroen', 'Bosch EDC17C10', 'Description of Bosch EDC17C10', 'images/ECUMODELS/Citroen/Bosch EDC17C10.jpg'),
(70, 'Citroen', 'Bosch EDC17CP11', 'Description of Bosch EDC17CP11', 'images/ECUMODELS/Citroen/Bosch EDC17CP11.jpg'),
(71, 'Citroen', 'Bosch ME 7.4.5', 'Description of Bosch ME 7.4.5', 'images/ECUMODELS/Citroen/Bosch ME 7.4.5.jpg'),
(72, 'Citroen', 'Bosch MED 17.4 v2', 'Description of Bosch MED 17.4 v2', 'images/ECUMODELS/Citroen/Bosch MED 17.4 v2.jpg'),
(73, 'Citroen', 'Bosch MED 17.4', 'Description of Bosch MED 17.4', 'images/ECUMODELS/Citroen/Bosch MED 17.4.jpg'),
(74, 'Citroen', 'BSI valeo', 'Description of BSI valeo', 'images/ECUMODELS/Citroen/BSI valeo.jpg'),
(75, 'Citroen', 'Citroen Siemens SID805806', 'Description of Citroen Siemens SID805806', 'images/ECUMODELS/Citroen/Citroen Siemens SID805806.jpg'),
(76, 'Citroen', 'Continental SID 807', 'Description of Continental SID 807', 'images/ECUMODELS/Citroen/Continental SID 807.jpg'),
(77, 'Citroen', 'Continental SID208v2', 'Description of Continental SID208v2', 'images/ECUMODELS/Citroen/Continental SID208v2.jpg'),
(78, 'Citroen', 'Delphi DCM 1.2', 'Description of Delphi DCM 1.2', 'images/ECUMODELS/Citroen/Delphi DCM 1.2.jpg'),
(79, 'Citroen', 'Delphi DCM 3.4', 'Description of Delphi DCM 3.4', 'images/ECUMODELS/Citroen/Delphi DCM 3.4.jpg'),
(80, 'Citroen', 'Sagem 3000', 'Description of Sagem 3000', 'images/ECUMODELS/Citroen/Sagem 3000.jpg'),
(81, 'Citroen', 'Siemens SID 801', 'Description of Siemens SID 801', 'images/ECUMODELS/Citroen/Siemens SID 801.jpg'),
(82, 'Citroen', 'Siemens SID 803', 'Description of Siemens SID 803', 'images/ECUMODELS/Citroen/Siemens SID 803.jpg'),
(83, 'Citroen', 'Siemens SIM 210', 'Description of Siemens SIM 210', 'images/ECUMODELS/Citroen/Siemens SIM 210.jpg'),
(84, 'Citroen', 'Visteon DCU 102', 'Description of Visteon DCU 102', 'images/ECUMODELS/Citroen/Visteon DCU 102.jpg'),
(85, 'Fiat', 'Bosch EDC17C49', 'Description of Bosch EDC17C49', 'images/ECUMODELS/Fiat/Bosch EDC17C49.jpg'),
(86, 'Fiat', 'Bosch ME 2.1', 'Description of Bosch ME 2.1', 'images/ECUMODELS/Fiat/Bosch ME 2.1.jpg'),
(87, 'Fiat', 'Bosch ME 7.9.10', 'Description of Bosch ME 7.9.10', 'images/ECUMODELS/Fiat/Bosch ME 7.9.10.jpg'),
(88, 'Fiat', 'Magneti Marelli IAW 4SF', 'Description of Magneti Marelli IAW 4SF', 'images/ECUMODELS/Fiat/Magneti Marelli IAW 4SF.jpg'),
(89, 'Fiat', 'Magneti Marelli IAW 59F', 'Description of Magneti Marelli IAW 59F', 'images/ECUMODELS/Fiat/Magneti Marelli IAW 59F.jpg'),
(90, 'Ford', 'Bosch EDC16C34', 'Description of Bosch EDC16C34', 'images/ECUMODELS/Ford/Bosch EDC16C34.jpg'),
(91, 'Ford', 'Bosch EDC17C42', 'Description of Bosch EDC17C42', 'images/ECUMODELS/Ford/Bosch EDC17C42.jpg'),
(92, 'Ford', 'Bosch ME 9.0', 'Description of Bosch ME 9.0', 'images/ECUMODELS/Ford/Bosch ME 9.0.jpg'),
(93, 'Ford', 'Bosch MED 17.0', 'Description of Bosch MED 17.0', 'images/ECUMODELS/Ford/Bosch MED 17.0.jpg'),
(94, 'Ford', 'Continental SID 208', 'Description of Continental SID 208', 'images/ECUMODELS/Ford/Continental SID 208.jpg'),
(95, 'Ford', 'Continental SID 807', 'Description of Continental SID 807', 'images/ECUMODELS/Ford/Continental SID 807.jpg'),
(96, 'Ford', 'Continental SID208v2', 'Description of Continental SID208v2', 'images/ECUMODELS/Ford/Continental SID208v2.jpg'),
(97, 'Ford', 'Delphi (Focus)', 'Description of Delphi (Focus)', 'images/ECUMODELS/Ford/Delphi (Focus).jpg'),
(98, 'Ford', 'Siemens EMS 2102', 'Description of Siemens EMS 2102', 'images/ECUMODELS/Ford/Siemens EMS 2102.jpg'),
(99, 'Ford', 'Siemens EMS 2103', 'Description of Siemens EMS 2103', 'images/ECUMODELS/Ford/Siemens EMS 2103.jpg'),
(100, 'Ford', 'Siemens SID 206', 'Description of Siemens SID 206', 'images/ECUMODELS/Ford/Siemens SID 206.jpg'),
(101, 'Ford', 'Siemens SIM 210', 'Description of Siemens SIM 210', 'images/ECUMODELS/Ford/Siemens SIM 210.jpg'),
(102, 'Ford', 'Visteon DCU 204', 'Description of Visteon DCU 204', 'images/ECUMODELS/Ford/Visteon DCU 204.jpg'),
(103, 'Ford', 'Visteon DCU101', 'Description of Visteon DCU101', 'images/ECUMODELS/Ford/Visteon DCU101.jpg'),
(104, 'Ford', 'Visteon DCU102', 'Description of Visteon DCU102', 'images/ECUMODELS/Ford/Visteon DCU102.jpg'),
(105, 'Ford', 'Visteon DCU104', 'Description of Visteon DCU104', 'images/ECUMODELS/Ford/Visteon DCU104.jpg'),
(106, 'Honda', 'Bosch EDC16C4', 'Description of Bosch EDC16C4', 'images/ECUMODELS/Honda/Bosch EDC16C4.jpg'),
(107, 'Honda', 'Bosch EDC17CP06', 'Description of Bosch EDC17CP06', 'images/ECUMODELS/Honda/Bosch EDC17CP06.jpg'),
(108, 'Honda', 'Bosch EDC17CP16', 'Description of Bosch EDC17CP16', 'images/ECUMODELS/Honda/Bosch EDC17CP16.jpg'),
(109, 'Honda', 'Bosch EDC17CP50', 'Description of Bosch EDC17CP50', 'images/ECUMODELS/Honda/Bosch EDC17CP50.jpg'),
(110, 'Honda', 'Bosch ME 7.9.3', 'Description of Bosch ME 7.9.3', 'images/ECUMODELS/Honda/Bosch ME 7.9.3.jpg'),
(111, 'Hyundai', 'Bosch EDC15C7', 'Description of Bosch EDC15C7', 'images/ECUMODELS/Hyundai/Bosch EDC15C7.jpg'),
(112, 'Hyundai', 'Bosch EDC17C08', 'Description of Bosch EDC17C08', 'images/ECUMODELS/Hyundai/Bosch EDC17C08.jpg'),
(113, 'Hyundai', 'Bosch EDC17CP14', 'Description of Bosch EDC17CP14', 'images/ECUMODELS/Hyundai/Bosch EDC17CP14.jpg'),
(114, 'Iveco', 'Bosch EDC16C8-C39', 'Description of Bosch EDC16C8-C39', 'images/ECUMODELS/Iveco/Bosch EDC16C8 - C39.jpg'),
(115, 'Iveco', 'Bosch EDC17CP52', 'Description of Bosch EDC17CP52', 'images/ECUMODELS/Iveco/Bosch EDC17CP52.jpg'),
(116, 'Iveco', 'EDC17CV41', 'Description of EDC17CV41', 'images/ECUMODELS/Iveco/EDC17CV41.jpg'),
(117, 'Jeep', 'Bosch EDC17CP27', 'Description of Bosch EDC17CP27', 'images/ECUMODELS/Jeep/Bosch EDC17CP27.jpg'),
(118, 'Kia', 'Bosch EDC15C2', 'Description of Bosch EDC15C2', 'images/ECUMODELS/Kia/Bosch EDC15C2.jpg'),
(119, 'Kia', 'Bosch EDC17C08', 'Description of Bosch EDC17C08', 'images/ECUMODELS/Kia/Bosch EDC17C08.jpg'),
(120, 'Kia', 'Bosch EDC17CP14', 'Description of Bosch EDC17CP14', 'images/ECUMODELS/Kia/Bosch EDC17CP14.jpg'),
(121, 'Kia', 'Bosch M7.9.8', 'Description of Bosch M7.9.8', 'images/ECUMODELS/Kia/Bosch M7.9.8.jpg'),
(122, 'Kia', 'MG7.9.8', 'Description of MG7.9.8', 'images/ECUMODELS/Kia/MG7.9.8.jpg'),
(123, 'Lancia', 'Bosch EDC17C49', 'Description of Bosch EDC17C49', 'images/ECUMODELS/Lancia/Bosch EDC17C49.jpg'),
(124, 'Lancia', 'Bosch ME 2.1', 'Description of Bosch ME 2.1', 'images/ECUMODELS/Lancia/Bosch ME 2.1.jpg'),
(125, 'Lancia', 'Bosch ME 7.3.1', 'Description of Bosch ME 7.3.1', 'images/ECUMODELS/Lancia/Bosch ME 7.3.1.jpg'),
(126, 'Lancia', 'Bosch ME 7.9.10', 'Description of Bosch ME 7.9.10', 'images/ECUMODELS/Lancia/Bosch ME 7.9.10.jpg'),
(127, 'Mercedes', 'Bosch EDC15C5', 'Description of Bosch EDC15C5', 'images/ECUMODELS/Mercedes/Bosch EDC15C5.jpg'),
(128, 'Mercedes', 'Bosch EDC15C6', 'Description of Bosch EDC15C6', 'images/ECUMODELS/Mercedes/Bosch EDC15C6.jpg'),
(129, 'Mercedes', 'Bosch EDC16C32 CP31', 'Description of Bosch EDC16C32 CP31', 'images/ECUMODELS/Mercedes/Bosch EDC16C32 CP31.jpg'),
(130, 'Mercedes', 'Bosch EDC16CP36', 'Description of Bosch EDC16CP36', 'images/ECUMODELS/Mercedes/Bosch EDC16CP36 - .jpg'),
(131, 'Mercedes', 'Bosch EDC17CP01', 'Description of Bosch EDC17CP01', 'images/ECUMODELS/Mercedes/Bosch EDC17CP01.jpg'),
(132, 'Mercedes', 'Bosch EDC17CP10', 'Description of Bosch EDC17CP10', 'images/ECUMODELS/Mercedes/Bosch EDC17CP10.jpg'),
(133, 'Mercedes', 'Bosch EDC17CP46', 'Description of Bosch EDC17CP46', 'images/ECUMODELS/Mercedes/Bosch EDC17CP46.jpg'),
(134, 'Mercedes', 'Bosch ME 2.0', 'Description of Bosch ME 2.0', 'images/ECUMODELS/Mercedes/Bosch ME 2.0.jpg'),
(135, 'Mercedes', 'Bosch ME 2.7.1', 'Description of Bosch ME 2.7.1', 'images/ECUMODELS/Mercedes/Bosch ME 2.7.1.jpg'),
(136, 'Mercedes', 'Bosch ME 2.7.2', 'Description of Bosch ME 2.7.2', 'images/ECUMODELS/Mercedes/Bosch ME 2.7.2.jpg'),
(137, 'Mercedes', 'Bosch ME 2.8', 'Description of Bosch ME 2.8', 'images/ECUMODELS/Mercedes/Bosch ME 2.8.jpg'),
(138, 'Mercedes', 'Bosch ME 9.7', 'Description of Bosch ME 9.7', 'images/ECUMODELS/Mercedes/Bosch ME 9.7.jpg'),
(139, 'Mercedes', 'Bosch MED17.7.1', 'Description of Bosch MED17.7.1', 'images/ECUMODELS/Mercedes/Bosch MED17.7.1.jpg'),
(140, 'Mercedes', 'Delphi crd hw50.05', 'Description of Delphi crd hw50.05', 'images/ECUMODELS/Mercedes/Delphi crd hw50.05.jpg'),
(141, 'Mercedes', 'MED17.7.3.1', 'Description of MED17.7.3.1', 'images/ECUMODELS/Mercedes/MED17.7.3.1.jpg'),
(142, 'Mercedes', 'Siemens SIM 4 LE', 'Description of Siemens SIM 4 LE', 'images/ECUMODELS/Mercedes/Siemens SIM 4 LE.jpg'),
(143, 'Mercedes', 'Siemens SIM 266', 'Description of Siemens SIM 266', 'images/ECUMODELS/Mercedes/Siemens SIM 266.jpg'),
(144, 'Opel', 'Bosch EDC15C13', 'Description of Bosch EDC15C13', 'images/ECUMODELS/Opel/Bosch EDC15C13.jpg'),
(145, 'Opel', 'Bosch EDC15M', 'Description of Bosch EDC15M', 'images/ECUMODELS/Opel/Bosch EDC15M.jpg'),
(146, 'Opel', 'Bosch EDC17C18', 'Description of Bosch EDC17C18', 'images/ECUMODELS/Opel/Bosch EDC17C18.jpg'),
(147, 'Opel', 'Bosch EDC17C19', 'Description of Bosch EDC17C19', 'images/ECUMODELS/Opel/Bosch EDC17C19.jpg'),
(148, 'Opel', 'Bosch EDC17C42', 'Description of Bosch EDC17C42', 'images/ECUMODELS/Opel/Bosch EDC17C42.jpg'),
(149, 'Opel', 'Bosch EDC17C59', 'Description of Bosch EDC17C59', 'images/ECUMODELS/Opel/Bosch EDC17C59.jpg'),
(150, 'Opel', 'Bosch ME 1.5.5', 'Description of Bosch ME 1.5.5', 'images/ECUMODELS/Opel/Bosch ME 1.5.5.jpg'),
(151, 'Opel', 'Bosch ME 3.1.1', 'Description of Bosch ME 3.1.1', 'images/ECUMODELS/Opel/Bosch ME 3.1.1.jpg'),
(152, 'Opel', 'Bosch ME 7.6.1', 'Description of Bosch ME 7.6.1', 'images/ECUMODELS/Opel/Bosch ME 7.6.1.jpg'),
(153, 'Opel', 'Bosch ME 7.6.4', 'Description of Bosch ME 7.6.4', 'images/ECUMODELS/Opel/Bosch ME 7.6.4.jpg'),
(154, 'Opel', 'Bosch ME 9.0', 'Description of Bosch ME 9.0', 'images/ECUMODELS/Opel/Bosch ME 9.0.jpg'),
(155, 'Opel', 'Bosch ME 9.6', 'Description of Bosch ME 9.6', 'images/ECUMODELS/Opel/Bosch ME 9.6.jpg'),
(156, 'Opel', 'Bosch ME 9.6 v2', 'Description of Bosch ME 9.6 v2', 'images/ECUMODELS/Opel/Bosch ME 9.6 v2.jpg'),
(157, 'Opel', 'Delphi HSFI 2.1', 'Description of Delphi HSFI 2.1', 'images/ECUMODELS/Opel/Delphi HSFI 2.1.jpg'),
(158, 'Opel', 'Delphi HSFI 2.4', 'Description of Delphi HSFI 2.4', 'images/ECUMODELS/Opel/Delphi HSFI 2.4.jpg'),
(159, 'Opel', 'Delphi HSFI 2.5', 'Description of Delphi HSFI 2.5', 'images/ECUMODELS/Opel/Delphi HSFI 2.5.jpg'),
(160, 'Opel', 'Delphi HSFI C', 'Description of Delphi HSFI C', 'images/ECUMODELS/Opel/Delphi HSFI C.jpg'),
(161, 'Opel', 'Denso DEC30', 'Description of Denso DEC30', 'images/ECUMODELS/Opel/Denso DEC30.jpg'),
(162, 'Opel', 'Denso ECU', 'Description of Denso ECU', 'images/ECUMODELS/Opel/Denso ECU.jpg'),
(163, 'Opel', 'Magneti Marelli MJD 610', 'Description of Magneti Marelli MJD 610', 'images/ECUMODELS/Opel/Magneti Marelli MJD 610.jpg'),
(164, 'Opel', 'PSG16', 'Description of PSG16', 'images/ECUMODELS/Opel/PSG16.jpg'),
(165, 'Opel', 'PSG16-', 'Description of PSG16-', 'images/ECUMODELS/Opel/PSG16-.jpg'),
(166, 'Peugeot', 'Bosch EDC15C2', 'Description of Bosch EDC15C2', 'images/ECUMODELS/Peugeot/Bosch EDC15C2.jpg'),
(167, 'Peugeot', 'Bosch EDC15C7', 'Description of Bosch EDC15C7', 'images/ECUMODELS/Peugeot/Bosch EDC15C7.jpg'),
(168, 'Peugeot', 'Bosch EDC16C34', 'Description of Bosch EDC16C34', 'images/ECUMODELS/Peugeot/Bosch EDC16C34.jpg'),
(169, 'Peugeot', 'Bosch ME 7.4.4', 'Description of Bosch ME 7.4.4', 'images/ECUMODELS/Peugeot/Bosch ME 7.4.4.jpg'),
(170, 'Peugeot', 'Bosch MED 17.4', 'Description of Bosch MED 17.4', 'images/ECUMODELS/Peugeot/Bosch MED 17.4.jpg'),
(171, 'Peugeot', 'Bosch MED 17.4 v2', 'Description of Bosch MED 17.4 v2', 'images/ECUMODELS/Peugeot/Bosch MED 17.4 v2.jpg'),
(172, 'Peugeot', 'Continental SID 208v2', 'Description of Continental SID 208v2', 'images/ECUMODELS/Peugeot/Continental SID 208v2.jpg'),
(173, 'Peugeot', 'Continental SID 807', 'Description of Continental SID 807', 'images/ECUMODELS/Peugeot/Continental SID 807.jpg'),
(174, 'Peugeot', 'Delphi DCM 1.2', 'Description of Delphi DCM 1.2', 'images/ECUMODELS/Peugeot/Delphi DCM 1.2.jpg'),
(175, 'Peugeot', 'Delphi DCM 3.4', 'Description of Delphi DCM 3.4', 'images/ECUMODELS/Peugeot/Delphi DCM 3.4.jpg'),
(176, 'Peugeot', 'Magneti Marelli IAW 6LPB', 'Description of Magneti Marelli IAW 6LPB', 'images/ECUMODELS/Peugeot/Magneti Marelli IAW 6LPB.jpg'),
(177, 'Peugeot', 'Siemens SID 201', 'Description of Siemens SID 201', 'images/ECUMODELS/Peugeot/Siemens SID 201.jpg'),
(178, 'Peugeot', 'Siemens SID 801', 'Description of Siemens SID 801', 'images/ECUMODELS/Peugeot/Siemens SID 801.jpg'),
(179, 'Peugeot', 'Siemens SID 803', 'Description of Siemens SID 803', 'images/ECUMODELS/Peugeot/Siemens SID 803.jpg'),
(180, 'Peugeot', 'Siemens SIM 210', 'Description of Siemens SIM 210', 'images/ECUMODELS/Peugeot/Siemens SIM 210.jpg'),
(181, 'Peugeot', 'Visteon DCU 102', 'Description of Visteon DCU 102', 'images/ECUMODELS/Peugeot/Visteon DCU 102.jpg'),
(182, 'Porsche', 'Bosch EDC17CP14', 'Description of Bosch EDC17CP14', 'images/ECUMODELS/Porsche/Bosch EDC17CP14.jpg'),
(183, 'Porsche', 'Bosch EDC17CP44 v1', 'Description of Bosch EDC17CP44 v1', 'images/ECUMODELS/Porsche/Bosch EDC17CP44 v1.jpg'),
(184, 'Porsche', 'Bosch EDC17CP44 v1-', 'Description of Bosch EDC17CP44 v1-', 'images/ECUMODELS/Porsche/Bosch EDC17CP44 v1-.jpg'),
(185, 'Porsche', 'Bosch EDC17CP44 v2', 'Description of Bosch EDC17CP44 v2', 'images/ECUMODELS/Porsche/Bosch EDC17CP44 v2.jpg'),
(186, 'Porsche', 'Bosch EDC17CP44 v2-', 'Description of Bosch EDC17CP44 v2-', 'images/ECUMODELS/Porsche/Bosch EDC17CP44 v2-.jpg'),
(187, 'Porsche', 'Siemens SDI 4', 'Description of Siemens SDI 4', 'images/ECUMODELS/Porsche/Siemens SDI 4.jpg'),
(188, 'Renault', 'Bosch EDC15C2', 'Description of Bosch EDC15C2', 'images/ECUMODELS/Renault/Bosch EDC15C2.jpg'),
(189, 'Renault', 'Bosch EDC15C3', 'Description of Bosch EDC15C3', 'images/ECUMODELS/Renault/Bosch EDC15C3.jpg'),
(190, 'Renault', 'Bosch EDC16CP33', 'Description of Bosch EDC16CP33', 'images/ECUMODELS/Renault/Bosch EDC16CP33.jpg'),
(191, 'Renault', 'Bosch EDC17C11', 'Description of Bosch EDC17C11', 'images/ECUMODELS/Renault/Bosch EDC17C11.jpg'),
(192, 'Renault', 'Bosch ME 7.4.5', 'Description of Bosch ME 7.4.5', 'images/ECUMODELS/Renault/Bosch ME 7.4.5.jpg'),
(193, 'Renault', 'Continental SID 807', 'Description of Continental SID 807', 'images/ECUMODELS/Renault/Continental SID 807.jpg'),
(194, 'Renault', 'Delphi DCM 1.2', 'Description of Delphi DCM 1.2', 'images/ECUMODELS/Renault/Delphi DCM 1.2.jpg'),
(195, 'Renault', 'EDC16CP33', 'Description of EDC16CP33', 'images/ECUMODELS/Renault/EDC16CP33.jpg'),
(196, 'Renault', 'Sagem 3000', 'Description of Sagem 3000', 'images/ECUMODELS/Renault/Sagem 3000.jpg'),
(197, 'Renault', 'Siemens Fenix 5', 'Description of Siemens Fenix 5', 'images/ECUMODELS/Renault/Siemens Fenix 5.jpg'),
(198, 'Renault', 'Siemens SID 301', 'Description of Siemens SID 301', 'images/ECUMODELS/Renault/Siemens SID 301.jpg'),
(199, 'Renault', 'Siemens SIM 210', 'Description of Siemens SIM 210', 'images/ECUMODELS/Renault/Siemens SIM 210.jpg'),
(200, 'Renault', 'Simens Sirius32', 'Description of Simens Sirius32', 'images/ECUMODELS/Renault/Simens Sirius32.jpg'),
(201, 'Saab', 'Bosch ME 9.6', 'Description of Bosch ME 9.6', 'images/ECUMODELS/Saab/Bosch ME 9.6.jpg'),
(202, 'Smart', 'Bosch ME 7.7.0', 'Description of Bosch ME 7.7.0', 'images/ECUMODELS/Smart/Bosch ME 7.7.0.jpg'),
(203, 'Smart', 'Bosch MEG 1', 'Description of Bosch MEG 1', 'images/ECUMODELS/Smart/Bosch MEG 1.jpg'),
(204, 'Suzuki', 'Bosch VME 17', 'Description of Bosch VME 17', 'images/ECUMODELS/Suzuki/Bosch VME 17.jpg'),
(205, 'Suzuki', 'Denso 33920-62J3', 'Description of Denso 33920-62J3', 'images/ECUMODELS/Suzuki/Denso 33920-62J3.jpg'),
(206, 'Toyota', 'Bosch EDC17CP07', 'Description of Bosch EDC17CP07', 'images/ECUMODELS/Toyota/Bosch EDC17CP07.jpg'),
(207, 'Toyota', 'Bosch ME 7.9.9', 'Description of Bosch ME 7.9.9', 'images/ECUMODELS/Toyota/Bosch ME 7.9.9.jpg'),
(208, 'VAG', '028 906 021 xx MSA12 and MSA15.5', 'Description', 'images/ECUMODELS/VAG/028 906 021 xx MSA12 and MSA15.5.jpg'),
(209, 'VAG', 'Magneti Marelli IAW4BV', 'Description', 'images/ECUMODELS/VAG/Magneti Marelli IAW4BV.jpg'),
(210, 'VAG', 'Bosch EDC15C4', 'Description', 'images/ECUMODELS/VAG/Bosch EDC15C4.jpg'),
(211, 'VAG', 'Magneti Marelli IAW4TV', 'Description', 'images/ECUMODELS/VAG/Magneti Marelli IAW4TV.jpg'),
(212, 'VAG', 'Bosch EDC15P', 'Description', 'images/ECUMODELS/VAG/Bosch EDC15P.jpg'),
(213, 'VAG', 'Siemens PPD 1', 'Description', 'images/ECUMODELS/VAG/Siemens PPD 1.jpg'),
(214, 'VAG', 'Bosch EDC15VM', 'Description', 'images/ECUMODELS/VAG/Bosch EDC15VM.jpg'),
(215, 'VAG', 'Siemens Simos 2.4', 'Description', 'images/ECUMODELS/VAG/Siemens Simos 2.4.jpg'),
(216, 'VAG', 'Bosch EDC17C46 v2', 'Description', 'images/ECUMODELS/VAG/Bosch EDC17C46 v2.jpg'),
(217, 'VAG', 'Siemens Simos 3.3', 'Description', 'images/ECUMODELS/VAG/Siemens Simos 3.3.jpg'),
(218, 'VAG', 'Bosch EDC17C46', 'Description', 'images/ECUMODELS/VAG/Bosch EDC17C46.jpg'),
(219, 'VAG', 'Siemens Simos 3PG', 'Description', 'images/ECUMODELS/VAG/Siemens Simos 3PG.jpg'),
(220, 'VAG', 'Bosch EDC17C54', 'Description', 'images/ECUMODELS/VAG/Bosch EDC17C54.jpg'),
(221, 'VAG', 'Siemens Simos 6.22', 'Description', 'images/ECUMODELS/VAG/Siemens Simos 6.22.jpg'),
(222, 'VAG', 'Bosch EDC17CP04 CAN', 'Description', 'images/ECUMODELS/VAG/Bosch EDC17CP04 CAN.jpg'),
(223, 'VAG', 'Siemens Simos 7.1', 'Description', 'images/ECUMODELS/VAG/Siemens Simos 7.1.jpg'),
(224, 'VAG', 'Bosch EDC17CP04 K-Line', 'Description', 'images/ECUMODELS/VAG/Bosch EDC17CP04 K-Line.jpg'),
(225, 'VAG', 'Simens Simos 2.4', 'Description', 'images/ECUMODELS/VAG/Simens Simos 2.4.jpg'),
(226, 'VAG', 'Bosch EDC17CP14', 'Description', 'images/ECUMODELS/VAG/Bosch EDC17CP14.jpg'),
(227, 'VAG', 'Simos PCR2.1', 'Description', 'images/ECUMODELS/VAG/Simos PCR2.1.jpg'),
(228, 'VAG', 'Bosch EDC17CP20', 'Description', 'images/ECUMODELS/VAG/Bosch EDC17CP20.jpg'),
(229, 'VAG', 'Bosch EDC17CP24', 'Description', 'images/ECUMODELS/VAG/Bosch EDC17CP24.jpg'),
(230, 'VAG', 'Bosch EDC17CP44 v1', 'Description', 'images/ECUMODELS/VAG/Bosch EDC17CP44 v1.jpg'),
(231, 'VAG', 'Bosch EDC17CP44 v2', 'Description', 'images/ECUMODELS/VAG/Bosch EDC17CP44 v2.jpg'),
(232, 'VAG', 'Bosch EDC17U01', 'Description', 'images/ECUMODELS/VAG/Bosch EDC17U01.jpg'),
(233, 'VAG', 'Bosch EDC17005', 'Description', 'images/ECUMODELS/VAG/Bosch EDC17005.jpg'),
(234, 'VAG', 'Bosch M 3.8.3', 'Description', 'images/ECUMODELS/VAG/Bosch M 3.8.3.jpg'),
(235, 'VAG', 'Bosch ME 7.1.1 v2', 'Description', 'images/ECUMODELS/VAG/Bosch ME 7.1.1 v2.jpg'),
(236, 'VAG', 'Bosch ME 7.1.1', 'Description', 'images/ECUMODELS/VAG/Bosch ME 7.1.1.jpg'),
(237, 'VAG', 'Bosch ME 7.5.10', 'Description', 'images/ECUMODELS/VAG/Bosch ME 7.5.10.jpg'),
(238, 'VAG', 'Bosch MED 7.1.1', 'Description', 'images/ECUMODELS/VAG/Bosch MED 7.1.1.jpg'),
(239, 'VAG', 'Bosch MED 9.5.1', 'Description', 'images/ECUMODELS/VAG/Bosch MED 9.5.1.jpg'),
(240, 'VAG', 'Bosch MED 17.1', 'Description', 'images/ECUMODELS/VAG/Bosch MED 17.1.jpg'),
(241, 'VAG', 'Bosch MED 17.5.2', 'Description', 'images/ECUMODELS/VAG/Bosch MED 17.5.2.jpg'),
(242, 'VAG', 'Bosch MED 17.5.2-', 'Description', 'images/ECUMODELS/VAG/Bosch MED 17.5.2-.jpg'),
(243, 'VAG', 'Bosch MED 17.5.5', 'Description', 'images/ECUMODELS/VAG/Bosch MED 17.5.5.jpg'),
(244, 'VAG', 'Bosch MED 17.5.25', 'Description', 'images/ECUMODELS/VAG/Bosch MED 17.5.25.jpg'),
(245, 'VAG', 'Bosch MED 17.5', 'Description', 'images/ECUMODELS/VAG/Bosch MED 17.5.jpg'),
(246, 'VAG', 'Bosch MED 17.50.20', 'Description', 'images/ECUMODELS/VAG/Bosch MED 17.50.20.jpg'),
(247, 'VAG', 'EDC17C46', 'Description', 'images/ECUMODELS/VAG/EDC17C46.jpg'),
(248, 'VAG', 'Magneti Marelli 4HV', 'Description', 'images/ECUMODELS/VAG/Magneti Marelli 4HV.jpg'),
(249, 'Volvo', 'Bosch EDC16C31-7', 'Description of Bosch EDC16C31-7', 'images/ECUMODELS/Volvo/Bosch EDC16C31-7.jpg'),
(250, 'Volvo', 'Bosch EDC17CP22', 'Description of Bosch EDC17CP22', 'images/ECUMODELS/Volvo/Bosch EDC17CP22.jpg'),
(251, 'Volvo', 'Bosch EDC17CP48', 'Description of Bosch EDC17CP48', 'images/ECUMODELS/Volvo/Bosch EDC17CP48.jpg'),
(252, 'Volvo', 'Bosch MED 17', 'Description of Bosch MED 17', 'images/ECUMODELS/Volvo/Bosch MED 17.jpg'),
(253, 'Volvo', 'Continental SID 807', 'Description of Continental SID 807', 'images/ECUMODELS/Volvo/Continental SID 807.jpg'),
(254, 'Volvo', 'Siemens SID 206', 'Description of Siemens SID 206', 'images/ECUMODELS/Volvo/Siemens SID 206.jpg'),
(255, 'Volvo', 'Siemens SID 803', 'Description of Siemens SID 803', 'images/ECUMODELS/Volvo/Siemens SID 803.jpg');

-- --------------------------------------------------------

--
-- Table structure for table `makes`
--

CREATE TABLE `makes` (
  `make_id` int(11) NOT NULL,
  `make_name` varchar(255) NOT NULL,
  `logo_path` varchar(255) DEFAULT NULL
) ENGINE=InnoDB DEFAULT CHARSET=latin1;

--
-- Dumping data for table `makes`
--

INSERT INTO `makes` (`make_id`, `make_name`, `logo_path`) VALUES
(1, 'BMW', 'images/logos/bmw.png'),
(2, 'Hyundai', 'images/logos/hyundai.png'),
(3, 'Toyota', 'images/logos/toyota.png'),
(4, 'abarth', 'images/logos/abarth.png'),
(5, 'Acura', 'images/logos/Acura.png'),
(6, 'alfaromeo', 'images/logos/alfaromeo.png'),
(7, 'Aston-Martin', 'images/logos/Aston-Martin.png'),
(8, 'Audi', 'images/logos/Audi.png'),
(9, 'bentley', 'images/logos/bentley.png'),
(10, 'Buick', 'images/logos/Buick.png'),
(11, 'Cadillac', 'images/logos/Cadillac.png'),
(12, 'Chevrolet', 'images/logos/Chevrolet.png'),
(13, 'chrysler', 'images/logos/chrysler.png'),
(14, 'Citroen_izmostock', 'images/logos/Citroen_izmostock.png'),
(15, 'Dacia', 'images/logos/Dacia.png'),
(16, 'Dodge', 'images/logos/Dodge.png'),
(17, 'Ferrari', 'images/logos/Ferrari.png'),
(18, 'fiat', 'images/logos/fiat-1.png'),
(19, 'Ford', 'images/logos/Ford.png'),
(20, 'gmc', 'images/logos/gmc.png'),
(21, 'honda', 'images/logos/honda.png'),
(22, 'Hummer', 'images/logos/Hummer.png'),
(23, 'infinity', 'images/logos/infinity.png'),
(24, 'Isuzu', 'images/logos/Isuzu.png'),
(25, 'Jaguar', 'images/logos/Jaguar.png'),
(26, 'Jeep', 'images/logos/Jeep.png'),
(27, 'kia', 'images/logos/kia-1.png'),
(28, 'Lamborghini', 'images/logos/Lamborghini.png'),
(29, 'lancia', 'images/logos/lancia-1.png'),
(30, 'landrover', 'images/logos/landrover.png'),
(31, 'Lexus', 'images/logos/Lexus.png'),
(32, 'Lincoln', 'images/logos/Lincoln.png'),
(33, 'Lotus', 'images/logos/Lotus.png'),
(34, 'maserati', 'images/logos/maserati.png'),
(35, 'mazda', 'images/logos/mazda-1.png'),
(36, 'Mercedes-Benz', 'images/logos/Mercedes-Benz.png'),
(37, 'Mercury', 'images/logos/Mercury.png'),
(38, 'Mini', 'images/logos/Mini.png'),
(39, 'Mitsubishi', 'images/logos/Mitsubishi.png'),
(40, 'Nissan', 'images/logos/Nissan.png'),
(41, 'Opel', 'images/logos/Opel.png'),
(42, 'Peugeot', 'images/logos/Peugeot.png'),
(43, 'Pontiac', 'images/logos/Pontiac.png'),
(44, 'Porsche', 'images/logos/Porsche.png'),
(45, 'Ram', 'images/logos/Ram.png'),
(46, 'Renault', 'images/logos/Renault.png'),
(47, 'Saab', 'images/logos/Saab.png'),
(48, 'Saturn', 'images/logos/Saturn.png'),
(49, 'Scion', 'images/logos/Scion.png'),
(50, 'Seat', 'images/logos/Seat.png'),
(51, 'Skoda', 'images/logos/Skoda.png'),
(52, 'Smart', 'images/logos/Smart.png'),
(53, 'SsangYong', 'images/logos/SsangYong-1.png'),
(54, 'Subaru', 'images/logos/Subaru.png'),
(55, 'Suzuki', 'images/logos/Suzuki.png'),
(56, 'Tesla', 'images/logos/Tesla.png'),
(57, 'Volkswagen', 'images/logos/Volkswagen.png'),
(58, 'Volvo', 'images/logos/Volvo-1.png'),
(59, 'wiesmann', 'images/logos/wiesmann.png');

-- --------------------------------------------------------

--
-- Table structure for table `models`
--

CREATE TABLE `models` (
  `model_id` int(11) NOT NULL,
  `make_id` int(11) NOT NULL,
  `model_name` varchar(255) NOT NULL,
  `image_path` varchar(255) DEFAULT NULL,
  `image_path_HDPH` varchar(255) DEFAULT NULL,
  `image_path_ECUPEN` varchar(255) DEFAULT NULL,
  `image_path_FUSEBL` varchar(255) DEFAULT NULL,
  `image_path_ALL VEWS` varchar(255) DEFAULT NULL,
  `image_path_LPDF` varchar(255) DEFAULT NULL,
  `image_path_PARTPDF` varchar(255) DEFAULT NULL
) ENGINE=InnoDB DEFAULT CHARSET=latin1;

--
-- Dumping data for table `models`
--

INSERT INTO `models` (`model_id`, `make_id`, `model_name`, `image_path`, `image_path_HDPH`, `image_path_ECUPEN`, `image_path_FUSEBL`, `image_path_ALL VEWS`, `image_path_LPDF`, `image_path_PARTPDF`) VALUES
(1, 1, '1', 'images/cars/BMW/1.svgz', '', '', '', NULL, NULL, NULL),
(2, 1, '2', 'images/cars/BMW/2.svgz', NULL, NULL, NULL, NULL, NULL, NULL),
(3, 1, '3', 'images/cars/BMW/3.svgz', NULL, NULL, NULL, NULL, NULL, NULL),
(4, 1, '4', 'images/cars/BMW/4.svgz', NULL, NULL, NULL, NULL, NULL, NULL),
(5, 1, '5', 'images/cars/BMW/5.svgz', NULL, NULL, NULL, NULL, NULL, NULL),
(6, 1, '6', 'images/cars/BMW/6.svgz', NULL, NULL, NULL, NULL, NULL, NULL),
(7, 1, '7', 'images/cars/BMW/7.svgz', NULL, NULL, NULL, NULL, NULL, NULL),
(8, 1, '8', 'images/cars/BMW/8.svgz', NULL, NULL, NULL, NULL, NULL, NULL),
(9, 1, '1500-2000', 'images/cars/BMW/1500-2000.svgz', NULL, NULL, NULL, NULL, NULL, NULL),
(10, 1, '1502-2002', 'images/cars/BMW/1502-2002.svgz', NULL, NULL, NULL, NULL, NULL, NULL),
(11, 1, '2 Active Tourer', 'images/cars/BMW/2 Active Tourer.svgz', '', '', '', NULL, NULL, NULL),
(12, 1, 'X1', 'images/cars/BMW/X1.svgz', '', '', '', NULL, NULL, NULL),
(13, 1, 'X2', 'images/cars/BMW/X2.svgz', NULL, NULL, NULL, NULL, NULL, NULL),
(14, 1, 'X3', 'images/cars/BMW/X3.svgz', NULL, NULL, NULL, NULL, NULL, NULL),
(15, 1, 'X4', 'images/cars/BMW/X4.svgz', NULL, NULL, NULL, NULL, NULL, NULL),
(16, 1, 'X5', 'images/cars/BMW/X5.svgz', NULL, NULL, NULL, NULL, NULL, NULL),
(17, 1, 'X6', 'images/cars/BMW/X6.svgz', NULL, NULL, NULL, NULL, NULL, NULL),
(18, 1, 'X7', 'images/cars/BMW/X7.svgz', NULL, NULL, NULL, NULL, NULL, NULL),
(19, 1, 'Z1', 'images/cars/BMW/Z1.svgz', NULL, NULL, NULL, NULL, NULL, NULL),
(20, 1, 'Z3', 'images/cars/BMW/Z3.svgz', NULL, NULL, NULL, NULL, NULL, NULL),
(21, 1, 'Z4', 'images/cars/BMW/Z4.svgz', NULL, NULL, NULL, NULL, NULL, NULL),
(22, 1, 'Z8', 'images/cars/BMW/Z8.svgz', NULL, NULL, NULL, NULL, NULL, NULL),
(23, 1, 'i3', 'images/cars/BMW/i3.svgz', NULL, NULL, NULL, NULL, NULL, NULL),
(24, 1, 'i4', 'images/cars/BMW/i4.svgz', NULL, NULL, NULL, NULL, NULL, NULL),
(25, 1, 'i8', 'images/cars/BMW/i8.svgz', NULL, NULL, NULL, NULL, NULL, NULL),
(26, 1, 'iX', 'images/cars/BMW/iX.svgz', NULL, NULL, NULL, NULL, NULL, NULL),
(27, 1, 'iX1', 'images/cars/BMW/iX1.svgz', NULL, NULL, NULL, NULL, NULL, NULL),
(28, 1, 'iX3', 'images/cars/BMW/iX3.svgz', NULL, NULL, NULL, NULL, NULL, NULL),
(30, 2, 'Accent', 'images/cars/hyundai/Hyundai-Accent-V-Hatchback_thumb.jpg', NULL, NULL, NULL, NULL, NULL, NULL),
(31, 2, 'Alcazar', 'images/cars/hyundai/Hyundai-Alcazar_thumb.jpg', NULL, NULL, NULL, NULL, NULL, NULL),
(32, 2, 'Atos', 'images/cars/hyundai/Hyundai-Atos_thumb.jpg', NULL, NULL, NULL, NULL, NULL, NULL),
(33, 2, 'Aura', 'images/cars/hyundai/no.jpg', NULL, NULL, NULL, NULL, NULL, NULL),
(34, 2, 'Avante', 'images/cars/hyundai/Hyundai-Avante_thumb.jpg', NULL, NULL, NULL, NULL, NULL, NULL),
(35, 2, 'Bayon', 'images/cars/hyundai/Hyundai-Bayon-facelift-2024_thumb.jpg', NULL, NULL, NULL, NULL, NULL, NULL),
(36, 2, 'Casper', 'images/cars/hyundai/Hyundai-Casper_thumb.jpg', NULL, NULL, NULL, NULL, NULL, NULL),
(37, 2, 'Celesta', 'images/cars/hyundai/Hyundai-Celesta-Station-Wagon_thumb.jpg', NULL, NULL, NULL, NULL, NULL, NULL),
(38, 2, 'Centennial', 'images/cars/hyundai/Hyundai-Centennial_thumb.jpg', NULL, NULL, NULL, NULL, NULL, NULL),
(39, 2, 'Coupe', 'images/cars/hyundai/Hyundai-Coupe-II-GK_thumb.jpg', NULL, NULL, NULL, NULL, NULL, NULL),
(40, 2, 'Dynasty', 'images/cars/hyundai/Hyundai-Dynasty_thumb.jpg', NULL, NULL, NULL, NULL, NULL, NULL),
(41, 2, 'Elantra', 'images/cars/hyundai/Hyundai-Elantra-VII-CN7-facelift-2023_thumb.jpg', NULL, NULL, NULL, NULL, NULL, NULL),
(42, 2, 'EON', 'images/cars/hyundai/Hyundai-EON_thumb.jpg', NULL, NULL, NULL, NULL, NULL, NULL),
(43, 2, 'Equus', 'images/cars/hyundai/Hyundai-Equus-VI_thumb.jpg', NULL, NULL, NULL, NULL, NULL, NULL),
(44, 2, 'Exter', 'images/cars/hyundai/no.jpg', NULL, NULL, NULL, NULL, NULL, NULL),
(45, 2, 'Galloper', 'images/cars/hyundai/Hyundai-Galloper-II_thumb.jpg', NULL, NULL, NULL, NULL, NULL, NULL),
(46, 2, 'Genesis', 'images/cars/hyundai/Genesis.jpg', NULL, NULL, NULL, NULL, NULL, NULL),
(47, 2, 'Getz', 'images/cars/hyundai/Hyundai-Getz_thumb.jpg', NULL, NULL, NULL, NULL, NULL, NULL),
(48, 2, 'Grandeur/Azera', 'images/cars/hyundai/Hyundai-Grandeur-Azera-VII-GN7_thumb.jpg', NULL, NULL, NULL, NULL, NULL, NULL),
(49, 2, 'H-1', 'images/cars/hyundai/Hyundai-H-1-II-Cargo-facelift-2018_thumb.jpg', NULL, NULL, NULL, NULL, NULL, NULL),
(50, 2, 'i10', 'images/cars/hyundai/Hyundai-i10-III-facelift-2023_thumb.jpg', NULL, NULL, NULL, NULL, NULL, NULL),
(51, 2, 'i20', 'images/cars/hyundai/Hyundai-i20-III-facelift-2023_thumb.jpg', NULL, NULL, NULL, NULL, NULL, NULL),
(52, 2, 'i30', 'images/cars/hyundai/Hyundai-i30-III-CW-facelift-2024_thumb.jpg', NULL, NULL, NULL, NULL, NULL, NULL),
(53, 2, 'i40', 'images/cars/hyundai/Hyundai-i40-Combi-facelift-2018_thumb.jpg', NULL, NULL, NULL, NULL, NULL, NULL),
(54, 2, 'Inster', 'images/cars/hyundai/Hyundai-INSTER_thumb.jpg', NULL, NULL, NULL, NULL, NULL, NULL),
(55, 2, 'IONIQ', 'images/cars/hyundai/Hyundai-IONIQ-facelift-2019_thumb.jpg', NULL, NULL, NULL, NULL, NULL, NULL),
(56, 2, 'IONIQ 5', 'images/cars/hyundai/Hyundai-IONIQ-5-facelift-2024_thumb.jpg', NULL, NULL, NULL, NULL, NULL, NULL),
(57, 2, 'IONIQ 9', 'images/cars/hyundai/Hyundai-IONIQ-9_thumb.jpg', NULL, NULL, NULL, NULL, NULL, NULL),
(58, 2, 'ix20', 'images/cars/hyundai/ix20.jpg', NULL, NULL, NULL, NULL, NULL, NULL),
(59, 2, 'ix25/Creta', 'images/cars/hyundai/Hyundai-ix25_thumb.jpg', NULL, NULL, NULL, NULL, NULL, NULL),
(60, 2, 'ix35', 'images/cars/hyundai/Hyundai-ix35-FCEV_thumb.jpg', NULL, NULL, NULL, NULL, NULL, NULL),
(61, 2, 'ix55', 'images/cars/hyundai/Hyundai-ix55_thumb.jpg', NULL, NULL, NULL, NULL, NULL, NULL),
(62, 2, 'Kona', 'images/cars/hyundai/Hyundai-Kona-II_thumb.jpg', NULL, NULL, NULL, NULL, NULL, NULL),
(63, 2, 'Lafesta', 'images/cars/hyundai/Hyundai-Lafesta_thumb.jpg', NULL, NULL, NULL, NULL, NULL, NULL),
(64, 2, 'Lantra', 'images/cars/hyundai/Hyundai-Lantra_thumb.jpg', NULL, NULL, NULL, NULL, NULL, NULL),
(65, 2, 'Lavita', 'images/cars/hyundai/Lavita.jpg', NULL, NULL, NULL, NULL, NULL, NULL),
(66, 2, 'Le-Fil-Rouge', 'images/cars/hyundai/Hyundai-Le-Fil-Rouge-Concept_thumb.jpg', NULL, NULL, NULL, NULL, NULL, NULL),
(67, 2, 'Matrix', 'images/cars/hyundai/Hyundai-Matrix_thumb.jpg', NULL, NULL, NULL, NULL, NULL, NULL),
(68, 2, 'nexo', 'images/cars/hyundai/hyundai-nexo_thumb.jpg', NULL, NULL, NULL, NULL, NULL, NULL),
(69, 2, 'NF', 'images/cars/hyundai/NF.jpg', NULL, NULL, NULL, NULL, NULL, NULL),
(70, 2, 'Palisade', 'images/cars/hyundai/Hyundai-Palisade-facelift-2022_thumb.jpg', NULL, NULL, NULL, NULL, NULL, NULL),
(71, 2, 'Pony', 'images/cars/hyundai/Hyundai-Pony-excel-Hatchback-X-2_thumb.jpg', NULL, NULL, NULL, NULL, NULL, NULL),
(72, 2, 'Reina', 'images/cars/hyundai/Hyundai-Reina_thumb.jpg', NULL, NULL, NULL, NULL, NULL, NULL),
(73, 2, 'S-Coupe', 'images/cars/hyundai/Hyundai-S-Coupe-SLC_thumb.jpg', NULL, NULL, NULL, NULL, NULL, NULL),
(74, 2, 'Santa-Cruz', 'images/cars/hyundai/Hyundai-Santa-Cruz_thumb.jpg', NULL, NULL, NULL, NULL, NULL, NULL),
(75, 2, 'Santa-Fe', 'images/cars/hyundai/Hyundai-Santa-Fe-V-MX5_thumb_1.jpg', NULL, NULL, NULL, NULL, NULL, NULL),
(76, 2, 'Santamo', 'images/cars/hyundai/no.jpg', NULL, NULL, NULL, NULL, NULL, NULL),
(77, 2, 'Santro', 'images/cars/hyundai/no.jpg', NULL, NULL, NULL, NULL, NULL, NULL),
(78, 2, 'Solaris', 'images/cars/hyundai/hyundai-solaris-i-sedan-facelift-2014_thumb.jpg', NULL, NULL, NULL, NULL, NULL, NULL),
(79, 2, 'Sonata', 'images/cars/hyundai/Hyundai-Sonata-VIII-DN8-facelift-2023_thumb.jpg', NULL, NULL, NULL, NULL, NULL, NULL),
(80, 2, 'Stellar', 'images/cars/hyundai/Hyundai-Stellar_thumb.jpg', NULL, NULL, NULL, NULL, NULL, NULL),
(81, 2, 'Terracan', 'images/cars/hyundai/Hyundai-Terracan_thumb.jpg', NULL, NULL, NULL, NULL, NULL, NULL),
(82, 2, 'Tiburon', 'images/cars/hyundai/Hyundai-Tiburon-II_thumb (1).jpg', NULL, NULL, NULL, NULL, NULL, NULL),
(83, 2, 'Trajet', 'images/cars/hyundai/Hyundai-Trajet-FO_thumb.jpg', NULL, NULL, NULL, NULL, NULL, NULL),
(84, 2, 'Tucson', 'images/cars/hyundai/Hyundai-Tucson-IV-facelift-2024_thumb.jpg', NULL, NULL, NULL, NULL, NULL, NULL),
(85, 2, 'Tuscani', 'images/cars/hyundai/Hyundai-Tuscani-II_thumb.jpg', NULL, NULL, NULL, NULL, NULL, NULL),
(86, 2, 'Veloster', 'images/cars/hyundai/hyundai-veloster-n_thumb_1.jpg', NULL, NULL, NULL, NULL, NULL, NULL),
(87, 2, 'Venue', 'images/cars/hyundai/Hyundai-Venue_thumb.jpg', NULL, NULL, NULL, NULL, NULL, NULL),
(88, 2, 'Veracruz', 'images/cars/hyundai/Hyundai-Veracruz_thumb.jpg', NULL, NULL, NULL, NULL, NULL, NULL),
(89, 2, 'Verna', 'images/cars/hyundai/Hyundai-Verna-V-facelift-2020_thumb.jpg', NULL, NULL, NULL, NULL, NULL, NULL),
(90, 2, 'Xcent', 'images/cars/hyundai/no.jpg', NULL, NULL, NULL, NULL, NULL, NULL),
(91, 2, 'XG', 'images/cars/hyundai/Hyundai-XG_thumb.jpg', NULL, NULL, NULL, NULL, NULL, NULL);

-- --------------------------------------------------------

--
-- Table structure for table `model_versions`
--

CREATE TABLE `model_versions` (
  `version_id` int(11) NOT NULL,
  `model_id` int(11) DEFAULT NULL,
  `year` text,
  `version_name` text,
  `version_name_2` text,
  `version_name_3` text,
  `version_name_4` text,
  `version_name_5` text,
  `version_name_6` text,
  `version_name_7` text,
  `version_name_8` text,
  `version_name_9` text,
  `version_name_10` text,
  `version_name_11` text,
  `version_name_12` text,
  `version_name_13` text,
  `version_name_14` text,
  `version_name_15` text,
  `version_name_16` text,
  `version_name_17` text,
  `version_name_18` text,
  `version_name_19` text,
  `version_name_20` text
) ENGINE=InnoDB DEFAULT CHARSET=latin1;

--
-- Dumping data for table `model_versions`
--

INSERT INTO `model_versions` (`version_id`, `model_id`, `year`, `version_name`, `version_name_2`, `version_name_3`, `version_name_4`, `version_name_5`, `version_name_6`, `version_name_7`, `version_name_8`, `version_name_9`, `version_name_10`, `version_name_11`, `version_name_12`, `version_name_13`, `version_name_14`, `version_name_15`, `version_name_16`, `version_name_17`, `version_name_18`, `version_name_19`, `version_name_20`) VALUES
(2, 1, '2007 - 2011 BMW 1 Series', '1212121', '1.6 116i code moteur : N43 B16A/AA', '2.0 116d', '2.0 118d', '2.0 118i', '2.0 120d', '2.0 120i', '2.0 123d', '3.0 125i', '3.0 130i', '3.0 135i', NULL, NULL, NULL, NULL, NULL, NULL, NULL, NULL, NULL);

-- --------------------------------------------------------

--
-- Table structure for table `obd_codes`
--

CREATE TABLE `obd_codes` (
  `id` int(11) NOT NULL,
  `code` varchar(50) NOT NULL,
  `description` text,
  `moreinfo` text,
  `imgpath` varchar(255) DEFAULT NULL
) ENGINE=InnoDB DEFAULT CHARSET=latin1;

--
-- Dumping data for table `obd_codes`
--

INSERT INTO `obd_codes` (`id`, `code`, `description`, `moreinfo`, `imgpath`) VALUES
(1, 'P001', 'Camshaft Position Timing Over-Advanced or System Performance', 'This code indicates that the camshaft timing is over-advanced.', 'images/cars/BMW/BMW_1-Series_118d_M_Sport.jpg'),
(2, 'P002', 'Camshaft Position Timing Over-Retarded', 'This code indicates that the camshaft timing is over-retarded.', 'images/cars/hyundai/Hyundai-Accent-V-Hatchback_thumb.jpg'),
(3, 'P0000', 'No trouble code', NULL, NULL),
(4, 'P0001', 'Fuel Volume Regulator Control Circuit / Open', NULL, NULL),
(5, 'P0002', 'Fuel Volume Regulator Control Circuit Range/Performance', NULL, NULL),
(6, 'P0003', 'Fuel Volume Regulator Control Circuit Low', NULL, NULL),
(7, 'P0004', 'Fuel Volume Regulator Control Circuit High', NULL, NULL),
(8, 'P0005', 'Fuel Shutoff Valve Control Circuit / Open', NULL, NULL),
(9, 'P0006', 'Fuel Shutoff Valve Control Circuit Low', NULL, NULL),
(10, 'P0007', 'Fuel Shutoff Valve Control Circuit High', NULL, NULL),
(11, 'P0008', 'Engine Position System Performance - Bank 2', NULL, NULL),
(12, 'P0009', 'Engine Position System Performance - Bank 2', NULL, NULL),
(13, 'P0010', 'Intake Camshaft Position Actuator Circuit / Open (Bank 2)', NULL, NULL),
(14, 'P0011', 'Intake Camshaft Position Timing - Over-Advanced (Bank 2)', NULL, NULL),
(15, 'P0012', 'Intake Camshaft Position Timing - Over-Retarded (Bank 2)', NULL, NULL),
(16, 'P0013', 'Exhaust Camshaft Position Actuator Circuit / Open (Bank 2)', NULL, NULL),
(17, 'P0014', 'Exhaust Camshaft Position Timing - Over-Advanced (Bank 2)', NULL, NULL),
(18, 'P0015', 'Exhaust Camshaft Position Timing - Over-Retarded (Bank 2)', NULL, NULL),
(19, 'P0016', 'Crankshaft Position Camshaft Position Correlation Bank 2 Sensor A', NULL, NULL),
(20, 'P0017', 'Crankshaft Position Camshaft Position Correlation Bank 2 Sensor B', NULL, NULL),
(21, 'P0018', 'Crankshaft Position Camshaft Position Correlation Bank 2 Sensor A', NULL, NULL),
(22, 'P0019', 'Crankshaft Position Camshaft Position Correlation Bank 2 Sensor B', NULL, NULL),
(23, 'P0020', 'Intake Camshaft Position Actuator Circuit / Open (Bank 2)', NULL, NULL),
(24, 'P0021', 'Intake Camshaft Position Timing - Over-Advanced (Bank 2)', NULL, NULL),
(25, 'P0022', 'Intake Camshaft Position Timing - Over-Retarded (Bank 2)', NULL, NULL),
(26, 'P0023', 'Exhaust Camshaft Position Actuator Circuit / Open (Bank 2)', NULL, NULL),
(27, 'P0024', 'Exhaust Camshaft Position Timing - Over-Advanced (Bank 2)', NULL, NULL),
(28, 'P0025', 'Exhaust Camshaft Position Timing - Over-Retarded (Bank 2)', NULL, NULL),
(29, 'P0026', 'Intake Valve Control Solenoid Circuit Range/Performance (Bank 2)', NULL, NULL),
(30, 'P0027', 'Exhaust Valve Control Solenoid Circuit Range/Performance (Bank 2)', NULL, NULL),
(31, 'P0028', 'Intake Valve Control Solenoid Circuit Range/Performance (Bank 2)', NULL, NULL),
(32, 'P0029', 'Exhaust Valve Control Solenoid Circuit Range/Performance (Bank 2)', NULL, NULL),
(33, 'P0030', 'Heated Oxygen Sensor (H02S) Heater Control Circuit Bank 2 Sensor 1', NULL, NULL),
(34, 'P0031', 'Heated Oxygen Sensor (HO2S) Heater Circuit Low Voltage Bank 2 Sensor 1', NULL, NULL),
(35, 'P0032', 'Heated Oxygen Sensor (HO2S) Heater Circuit High Voltage Bank 2 Sensor 1', NULL, NULL),
(36, 'P0033', 'Turbo/Super Charger Bypass Valve Control Circuit / Open', NULL, NULL),
(37, 'P0034', 'Turbo/Super Charger Bypass Valve Control Circuit Low', NULL, NULL),
(38, 'P0035', 'Turbo/Super Charger Bypass Valve Control Circuit High', NULL, NULL),
(39, 'P0036', 'Heated Oxygen Sensor (HO2S) Heater Control Circuit Bank 2 Sensor 2', NULL, NULL),
(40, 'P0037', 'Heated Oxygen Sensor (HO2S) Heater Circuit Low Voltage Bank 2 Sensor 2', NULL, NULL),
(41, 'P0038', 'Heated Oxygen Sensor (HO2S) Heater Circuit High Voltage Bank 2 Sensor 2', NULL, NULL),
(42, 'P0039', 'Turbo/Super Charger Bypass Valve Control Circuit Range/Performance', NULL, NULL),
(43, 'P0040', 'Oxygen Sensor Signals Swapped Bank 2 Sensor 1 / Bank 2 Sensor 1', NULL, NULL),
(44, 'P0041', 'Oxygen Sensor Signals Swapped Bank 2 Sensor 2 / Bank 2 Sensor 2', NULL, NULL),
(45, 'P0042', 'HO2S Heater Control Circuit (Bank 2, Sensor 3)', NULL, NULL),
(46, 'P0043', 'HO2S Heater Control Circuit Low (Bank 2, Sensor 3)', NULL, NULL),
(47, 'P0044', 'HO2S Heater Control Circuit High (Bank 2, Sensor 3)', NULL, NULL),
(48, 'P0046', 'Turbo/Super Charger Boost Control Solenoid Circuit / Open', NULL, NULL),
(49, 'P0046', 'Turbo/Super Charger Boost Control Solenoid Circuit Range/Performance', NULL, NULL),
(50, 'P0047', 'Turbo/Super Charger Boost Control Solenoid Circuit Low', NULL, NULL),
(51, 'P0048', 'Turbo/Super Charger Boost Control Solenoid Circuit High', NULL, NULL),
(52, 'P0049', 'Turbo/Super Charger Turbine Overspeed', NULL, NULL),
(53, 'P0050', 'Heated Oxygen Sensor (HO2S) Heater Circuit Bank 2 Sensor 1', NULL, NULL),
(54, 'P0051', 'Heated Oxygen Sensor (HO2S) Heater Circuit Low Voltage Bank 2 Sensor 1', NULL, NULL),
(55, 'P0052', 'Heated Oxygen Sensor (HO2S) Heater Circuit High Voltage Bank 2 Sensor 1', NULL, NULL),
(56, 'P0053', 'HO2S Heater Resistance Bank 2 Sensor 1 (PCM)', NULL, NULL),
(57, 'P0054', 'HO2S Heater Resistance Bank 2 Sensor 2 (PCM)', NULL, NULL),
(58, 'P0055', 'HO2S Heater Resistance Bank 2 Sensor 3 (PCM)', NULL, NULL),
(59, 'P0056', 'Heated Oxygen Sensor (HO2S) Heater Circuit Bank 2 Sensor 2', NULL, NULL),
(60, 'P0057', 'Heated Oxygen Sensor (HO2S) Heater Circuit Low Voltage Bank 2 Sensor 2', NULL, NULL),
(61, 'P0058', 'Heated Oxygen Sensor (HO2S) Heater Circuit High Voltage Bank 2 Sensor 2', NULL, NULL),
(62, 'P0059', 'HO2S Heater Resistance (Bank 2, Sensor 1)', NULL, NULL),
(63, 'P0060', 'HO2S Heater Resistance (Bank 2, Sensor 2)', NULL, NULL),
(64, 'P0061', 'HO2S Heater Resistance (Bank 2, Sensor 3)', NULL, NULL),
(65, 'P0062', 'HO2S Heater Control Circuit (Bank 2, Sensor 3)', NULL, NULL),
(66, 'P0063', 'HO2S Heater Control Circuit Low (Bank 2, Sensor 3)', NULL, NULL),
(67, 'P0064', 'HO2S Heater Control Circuit High (Bank 2, Sensor 3)', NULL, NULL),
(68, 'P0065', 'Air Assisted Injector Control Range/Performance', NULL, NULL),
(69, 'P0066', 'Air Assisted Injector Control Circuit or Circuit Low', NULL, NULL),
(70, 'P0067', 'Air Assisted Injector Control Circuit or Circuit High', NULL, NULL),
(71, 'P0068', 'MAP / MAF - Throttle Position Correlation', NULL, NULL),
(72, 'P0069', 'MAP - Barometric Pressure Correlation', NULL, NULL),
(73, 'P0070', 'Ambient Air Temperature Sensor Circuit', NULL, NULL),
(74, 'P0071', 'Ambient Air Temperature Sensor Range/Performance', NULL, NULL),
(75, 'P0072', 'Ambient Air Temperature Sensor Circuit Low Input', NULL, NULL),
(76, 'P0073', 'Ambient Air Temperature Sensor Circuit High Input', NULL, NULL),
(77, 'P0074', 'Ambient Air Temperature Sensor Circuit Intermittent/Erratic', NULL, NULL),
(78, 'P0075', 'Intake Valve Control Circuit (Bank 2)', NULL, NULL),
(79, 'P0076', 'Intake Valve Control Circuit Low (Bank 2)', NULL, NULL),
(80, 'P0077', 'Intake Valve Control Circuit High (Bank 2)', NULL, NULL),
(81, 'P0078', 'Exhaust Valve Control Circuit (Bank 2)', NULL, NULL),
(82, 'P0079', 'Exhaust Valve Control Circuit Low (Bank 2)', NULL, NULL),
(83, 'P0080', 'Exhaust Valve Control Circuit High (Bank 2)', NULL, NULL),
(84, 'P0081', 'Intake Valve Control Circuit (Bank 2)', NULL, NULL),
(85, 'P0082', 'Intake Valve Control Circuit Low (Bank 2)', NULL, NULL),
(86, 'P0083', 'Intake Valve Control Circuit High (Bank 2)', NULL, NULL),
(87, 'P0084', 'Exhaust Valve Control Circuit (Bank 2)', NULL, NULL),
(88, 'P0085', 'Exhaust Valve Control Circuit Low (Bank 2)', NULL, NULL),
(89, 'P0086', 'Exhaust Valve Control Circuit High (Bank 2)', NULL, NULL),
(90, 'P0087', 'Fuel Rail/System Pressure - Too Low', NULL, NULL),
(91, 'P0088', 'Fuel Rail/System Pressure - Too High', NULL, NULL),
(92, 'P0089', 'Fuel Pressure Regulator Performance', NULL, NULL),
(93, 'P0090', 'Fuel Pressure Regulator Control Circuit', NULL, NULL),
(94, 'P0091', 'Fuel Pressure Regulator Control Circuit Low', NULL, NULL),
(95, 'P0092', 'Fuel Pressure Regulator Control Circuit High', NULL, NULL),
(96, 'P0093', 'Fuel System Leak Detected - Large Leak', NULL, NULL),
(97, 'P0094', 'Fuel System Leak Detected - Small Leak', NULL, NULL),
(98, 'P0095', 'Intake Air Temperature Sensor 2 Circuit', NULL, NULL),
(99, 'P0096', 'Intake Air Temperature Sensor 2 Circuit Range/Performance', NULL, NULL),
(100, 'P0097', 'Intake Air Temperature Sensor 2 Circuit Low Input', NULL, NULL),
(101, 'P0098', 'Intake Air Temperature Sensor 2 Circuit High Input', NULL, NULL),
(102, 'P0099', 'Intake Air Temperature Sensor 2 Circuit Intermittent/Erratic', NULL, NULL),
(103, 'P0100', 'Mass or Volume Air flow Circuit Malfunction', NULL, NULL),
(104, 'P0098', 'Intake Air Temperature Sensor 2 Circuit High Input', NULL, NULL),
(105, 'P0099', 'Intake Air Temperature Sensor 2 Circuit Intermittent/Erratic', NULL, NULL),
(106, 'P0100', 'Mass or Volume Air flow Circuit Malfunction', NULL, NULL),
(107, 'P0101', 'Mass or Volume Air flow Circuit Range/Performance Problem', NULL, NULL),
(108, 'P0102', 'Mass or Volume Air Flow Circuit low Input', NULL, NULL),
(109, 'P0103', 'Mass or Volume Air flow Circuit High Input', NULL, NULL),
(110, 'P0104', 'Mass or Volume Air flow Circuit Intermittent', NULL, NULL),
(111, 'P0105', 'Manifold Absolute Pressure/Barometric Pressure Circuit Malfunction', NULL, NULL),
(112, 'P0106', 'Manifold Absolute Pressure/Barometric Pressure Circuit Range/Performance Problem', NULL, NULL),
(113, 'P0107', 'Manifold Absolute Pressure/Barometric Pressure Circuit Low Input', NULL, NULL),
(114, 'P0108', 'Manifold Absolute Pressure/Barometric Pressure Circuit High Input', NULL, NULL),
(115, 'P0109', 'Manifold Absolute Pressure/Barometric Pressure Circuit Intermittent', NULL, NULL),
(116, 'P0110', 'Intake Air Temperature Circuit Malfunction', NULL, NULL),
(117, 'P0111', 'Intake Air Temperature Circuit Range/Performance Problem', NULL, NULL),
(118, 'P0112', 'Intake Air Temperature Circuit Low Input', NULL, NULL),
(119, 'P0113', 'Intake Air Temperature Circuit High Input', NULL, NULL),
(120, 'P0114', 'Intake Air Temperature Circuit Intermittent', NULL, NULL),
(121, 'P0115', 'Engine Coolant Temperature Circuit Malfunction', NULL, NULL),
(122, 'P0116', 'Engine Coolant Temperature Circuit Range/Performance Problem', NULL, NULL),
(123, 'P0117', 'Engine Coolant Temperature Circuit Low Input', NULL, NULL),
(124, 'P0118', 'Engine Coolant Temperature Circuit High Input', NULL, NULL),
(125, 'P0119', 'Engine Coolant Temperature Circuit Intermittent', NULL, NULL),
(126, 'P0120', 'Throttle Pedal Position Sensor/Switch A Circuit Malfunction', NULL, NULL),
(127, 'P0121', 'Throttle/Pedal Position Sensor/Switch A Circuit Range/Performance Problem', NULL, NULL),
(128, 'P0122', 'Throttle/Pedal Position Sensor/Switch A Circuit Low Input', NULL, NULL),
(129, 'P0123', 'Throttle/Pedal Position Sensor/Switch A Circuit High Input', NULL, NULL),
(130, 'P0124', 'Throttle/Pedal Position Sensor/Switch A Circuit Intermittent', NULL, NULL),
(131, 'P0125', 'Insufficient Coolant Temperature for Closed Loop Fuel Control', NULL, NULL),
(132, 'P0126', 'Insufficient Coolant Temperature for Stable Operation', NULL, NULL),
(133, 'P0127', 'Intake Air Temperature Too High', NULL, NULL),
(134, 'P0128', 'Coolant Thermostat (Coolant Temp Below Thermostat Regulating Temperature)', NULL, NULL),
(135, 'P0129', 'Barometric Pressure Too Low', NULL, NULL),
(136, 'P0130', 'O2 Sensor Circuit Malfunction (Bank 2 Sensor 1)', NULL, NULL),
(137, 'P0131', 'O2 Sensor Circuit Low Voltage (Bank 2 Sensor 1)', NULL, NULL),
(138, 'P0132', 'O2 Sensor Circuit High Voltage (Bank 2 Sensor 1)', NULL, NULL),
(139, 'P0133', 'O2 Sensor Circuit Slow Response (Bank 2 Sensor 1)', NULL, NULL),
(140, 'P0134', 'O2 Sensor Circuit No Activity Detected (Bank 2 Sensor 1)', NULL, NULL),
(141, 'P0135', 'O2 Sensor Heater Circuit Malfunction (Bank 2 Sensor 1)', NULL, NULL),
(142, 'P0136', 'O2 Sensor Circuit Malfunction (Bank 1 Sensor 2)', NULL, NULL),
(143, 'P0137', 'O2 Sensor Circuit Low Voltage (Bank 1 Sensor 2)', NULL, NULL),
(144, 'P0138', 'O2 Sensor Circuit High Voltage (Bank 1 Sensor 2)', NULL, NULL),
(145, 'P0139', 'O2 Sensor Circuit Slow Response (Bank 1 Sensor 2)', NULL, NULL),
(146, 'P0140', 'O2 Sensor Circuit No Activity Detected (Bank 2 Sensor 2)', NULL, NULL),
(147, 'P0141', 'O2 Sensor Heater Circuit Malfunction (Bank 2 Sensor 2)', NULL, NULL),
(148, 'P0142', 'O2 Sensor Circuit Malfunction (Bank 2 Sensor 3)', NULL, NULL),
(149, 'P0143', 'O2 Sensor Circuit Low Voltage (Bank 2 Sensor 3)', NULL, NULL),
(150, 'P0144', 'O2 Sensor Circuit High Voltage (Bank 2 Sensor 3)', NULL, NULL),
(151, 'P0145', 'O2 Sensor Circuit Slow Response (Bank 2 Sensor 3)', NULL, NULL),
(152, 'P0146', 'O2 Sensor Circuit No Activity Detected (Bank 2 Sensor 3)', NULL, NULL),
(153, 'P0147', 'O2 Sensor Heater Circuit Malfunction (Bank 2 Sensor 3)', NULL, NULL),
(154, 'P0148', 'Fuel Delivery Error', NULL, NULL),
(155, 'P0149', 'Fuel Timing Error', NULL, NULL),
(156, 'P0150', 'O2 Sensor Circuit Malfunction (Bank 2 Sensor 1)', NULL, NULL),
(157, 'P0151', 'O2 Sensor Circuit Low Voltage (Bank 2 Sensor 1)', NULL, NULL),
(158, 'P0152', 'O2 Sensor Circuit High Voltage (Bank 2 Sensor 1)', NULL, NULL),
(159, 'P0153', 'O2 Sensor Circuit Slow Response (Bank 2 Sensor 1)', NULL, NULL),
(160, 'P0154', 'O2 Sensor Circuit No Activity Detected (Bank 2 Sensor 1)', NULL, NULL),
(161, 'P0155', 'O2 Sensor Heater Circuit Malfunction (Bank 2 Sensor 1)', NULL, NULL),
(162, 'P0156', 'O2 Sensor Circuit Malfunction (Bank 2 Sensor 2)', NULL, NULL),
(163, 'P0157', 'O2 Sensor Circuit Low Voltage (Bank 2 Sensor 2)', NULL, NULL),
(164, 'P0158', 'O2 Sensor Circuit High Voltage (Bank 2 Sensor 2)', NULL, NULL),
(165, 'P0159', 'O2 Sensor Circuit Slow Response (Bank 2 Sensor 2)', NULL, NULL),
(166, 'P0160', 'O2 Sensor Circuit No Activity Detected (Bank 2 Sensor 2)', NULL, NULL),
(167, 'P0161', 'O2 Sensor Heater Circuit Malfunction (Bank 2 Sensor 2)', NULL, NULL),
(168, 'P0162', 'O2 Sensor Circuit Malfunction (Bank 2 Sensor 3)', NULL, NULL),
(169, 'P0163', 'O2 Sensor Circuit Low Voltage (Bank 2 Sensor 3)', NULL, NULL),
(170, 'P0164', 'O2 Sensor Circuit High Voltage (Bank 2 Sensor 3)', NULL, NULL),
(171, 'P0165', 'O2 Sensor Circuit Slow Response (Bank 2 Sensor 3)', NULL, NULL),
(172, 'P0166', 'O2 Sensor Circuit No Activity Detected (Bank 2 Sensor 3)', NULL, NULL),
(173, 'P0167', 'O2 Sensor Heater Circuit Malfunction (Bank 2 Sensor 3)', NULL, NULL),
(174, 'P0169', 'Incorrect Fuel Composition', NULL, NULL),
(175, 'P0170', 'Fuel Trim Malfunction (Bank 2)', NULL, NULL),
(176, 'P0171', 'System Too Lean (Bank 2)', NULL, NULL),
(177, 'P0172', 'System Too Rich (Bank 2)', NULL, NULL),
(178, 'P0173', 'Fuel Trim Malfunction (Bank 2)', NULL, NULL),
(179, 'P0174', 'System Too Lean (Bank 2)', NULL, NULL),
(180, 'P0175', 'System Too Rich (Bank 2)', NULL, NULL),
(181, 'P0176', 'Fuel Composition Sensor Circuit Malfunction', NULL, NULL),
(182, 'P0177', 'Fuel Composition Sensor Circuit Range/Performance', NULL, NULL),
(183, 'P0178', 'Fuel Composition Sensor Circuit Low Input', NULL, NULL),
(184, 'P0179', 'Fuel Composition Sensor Circuit High Input', NULL, NULL),
(185, 'P0180', 'Fuel Temperature Sensor A Circuit Malfunction', NULL, NULL),
(186, 'P0181', 'Fuel Temperature Sensor A Circuit Performance', NULL, NULL),
(187, 'P0182', 'Fuel Temperature Sensor A Circuit low Input', NULL, NULL),
(188, 'P0183', 'Fuel Temperature Sensor A Circuit Intermittent', NULL, NULL),
(189, 'P0184', 'Fuel Temperature Sensor A Circuit Intermittent', NULL, NULL),
(190, 'P0185', 'Fuel Temperature Sensor B Circuit Malfunction', NULL, NULL),
(191, 'P0186', 'Fuel Temperature Sensor B Circuit Range/Performance', NULL, NULL),
(192, 'P0187', 'Fuel Temperature Sensor B Circuit Low Input', NULL, NULL),
(193, 'P0188', 'Fuel Temperature Sensor B Circuit High Input', NULL, NULL),
(194, 'P0189', 'Fuel Temperature Sensor B Circuit Intermittent', NULL, NULL),
(195, 'P0190', 'Fuel Rail Pressure Sensor Circuit Malfunction', NULL, NULL),
(196, 'P0191', 'Fuel Rail Pressure Sensor Circuit Range/Performance', NULL, NULL),
(197, 'P0192', 'Fuel Rail Pressure Sensor Circuit Low Input', NULL, NULL),
(198, 'P0193', 'Fuel Rail Pressure Sensor Circuit High Input', NULL, NULL),
(199, 'P0194', 'Fuel Rail Pressure Sensor Circuit Intermittent', NULL, NULL),
(200, 'P0195', 'Engine Oil Temperature Sensor Malfunction', NULL, NULL),
(201, 'P0196', 'Engine Oil Temperature Sensor Range/Performance', NULL, NULL),
(202, 'P0197', 'Engine Oil Temperature Sensor Low Input', NULL, NULL),
(203, 'P0198', 'Engine Oil Temperature Sensor High', NULL, NULL),
(204, 'P0199', 'Engine Oil Temperature Sensor Intermittent', NULL, NULL),
(205, 'P0200', 'Injector Circuit Malfunction', NULL, NULL),
(206, 'P0201', 'Injector Circuit Malfunction - Cylinder 1', NULL, NULL),
(207, 'P0202', 'Injector Circuit Malfunction - Cylinder 2', NULL, NULL),
(208, 'P0203', 'Injector Circuit Malfunction - Cylinder 3', NULL, NULL),
(209, 'P0204', 'Injector Circuit Malfunction - Cylinder 4', NULL, NULL),
(210, 'P0205', 'Injector Circuit Malfunction - Cylinder 5', NULL, NULL),
(211, 'P0206', 'Injector Circuit Malfunction - Cylinder 6', NULL, NULL),
(212, 'P0207', 'Injector Circuit Malfunction - Cylinder 7', NULL, NULL),
(213, 'P0208', 'Injector Circuit Malfunction - Cylinder 8', NULL, NULL),
(214, 'P0209', 'Injector Circuit Malfunction - Cylinder 9', NULL, NULL),
(215, 'P0210', 'Injector Circuit Malfunction - Cylinder 10', NULL, NULL),
(216, 'P0211', 'Injector Circuit Malfunction - Cylinder 11', NULL, NULL),
(217, 'P0212', 'Injector Circuit Malfunction - Cylinder 12', NULL, NULL),
(218, 'P0213', 'Cold Start Injector 1 Malfunction', NULL, NULL),
(219, 'P0214', 'Cold Start Injector 2 Malfunction', NULL, NULL),
(220, 'P0215', 'Engine Shutoff Solenoid Malfunction', NULL, NULL),
(221, 'P0216', 'Injection Timing Control Circuit Malfunction', NULL, NULL),
(222, 'P0217', 'Engine Overtemp Condition', NULL, NULL),
(223, 'P0218', 'Transmission Over Temperature Condition', NULL, NULL),
(224, 'P0219', 'Engine Over Speed Condition', NULL, NULL),
(225, 'P0220', 'Throttle/Pedal Position Sensor/Switch B Circuit Malfunction', NULL, NULL),
(226, 'P0221', 'Throttle/Pedal Position Sensor/Switch B Circuit Range/Performance Problem', NULL, NULL),
(227, 'P0222', 'Throttle/Pedal Position Sensor/Switch B Circuit Low Input', NULL, NULL),
(228, 'P0223', 'Throttle/Pedal Position Sensor/Switch B Circuit High Input', NULL, NULL),
(229, 'P0224', 'Throttle/Pedal Position Sensor/Switch B Circuit Intermittent', NULL, NULL),
(230, 'P0225', 'Throttle/Pedal Position Sensor/Switch C Circuit Malfunction', NULL, NULL),
(231, 'P0226', 'Throttle/Pedal Position Sensor/Switch C Circuit Range/Performance Problem', NULL, NULL),
(232, 'P0227', 'Throttle/Pedal Position Sensor/Switch C Circuit Low Input', NULL, NULL),
(233, 'P0228', 'Throttle/Pedal Position Sensor/Switch C Circuit High Input', NULL, NULL),
(234, 'P0229', 'Throttle/Pedal Position Sensor/Switch C Circuit Intermittent', NULL, NULL),
(235, 'P0230', 'Fuel Pump Primary Circuit Malfunction', NULL, NULL),
(236, 'P0231', 'Fuel Pump Secondary Circuit Low', NULL, NULL),
(237, 'P0232', 'Fuel Pump Secondary Circuit Intermittent', NULL, NULL),
(238, 'P0233', 'Fuel Pump Secondary Circuit Intermittent', NULL, NULL),
(239, 'P0234', 'Engine Overboost Condition', NULL, NULL),
(240, 'P0235', 'Turbocharger Boost Sensor A Circuit Malfunction', NULL, NULL),
(241, 'P0236', 'Turbocharger Boost Sensor A Circuit Range/Performance.', NULL, NULL),
(242, 'P0237', 'Turbocharger Boost Sensor A Circuit Low', NULL, NULL),
(243, 'P0238', 'Turbocharger Boost Sensor A Circuit High', NULL, NULL),
(244, 'P0239', 'Turbocharger Boost Sensor B Circuit Malfunction', NULL, NULL),
(245, 'P0240', 'Turbocharger Boost Sensor B Circuit Range/Performance', NULL, NULL),
(246, 'P0241', 'Turbocharger Boost Sensor B Circuit Low', NULL, NULL),
(247, 'P0242', 'Turbocharger Boost Sensor B Circuit High', NULL, NULL),
(248, 'P0243', 'Turbocharger Wastegate Solenoid A Malfunction', NULL, NULL),
(249, 'P0244', 'Turbocharger Wastegate Solenoid A Range/Performance', NULL, NULL),
(250, 'P0245', 'Turbocharger Wastegate Solenoid A low', NULL, NULL),
(251, 'P0246', 'Turbocharger Wastegate Solenoid A High', NULL, NULL),
(252, 'P0247', 'Turbocharger Wastegate Solenoid B Malfunction', NULL, NULL),
(253, 'P0248', 'Turbocharger Wastegate Solenoid B Range/Performance', NULL, NULL),
(254, 'P0249', 'Turbocharger Wastegate Solenoid B Low', NULL, NULL),
(255, 'P0250', 'Turbocharger Wastegate Solenoid B High', NULL, NULL),
(256, 'P0251', 'Injection Pump Fuel Metering Control A Malfunction (Cam/Rotor/Injector)', NULL, NULL),
(257, 'P0252', 'Injection Pump Fuel Metering Control A Range/Performance (Cam/Rotor/Injector)', NULL, NULL),
(258, 'P0253', 'Injection Pump Fuel Metering Control A Low (Cam/Rotor/Injector)', NULL, NULL),
(259, 'P0254', 'Injection Pump Fuel Metering Control A High (Cam/Rotor/Injector)', NULL, NULL),
(260, 'P0255', 'Injection Pump Fuel Metering Control A Intermittent (Cam/Rotor/Injector)', NULL, NULL),
(261, 'P0256', 'Injection Pump Fuel Metering Control B Malfunction (Cam/Rotor/Injector)', NULL, NULL),
(262, 'P0257', 'Injection Pump Fuel Metering Control B Low (Cam/Rotor/Injector)', NULL, NULL),
(263, 'P0258', 'Injection Pump Fuel Metering Control B Low (Cam/Rotor/Injector)', NULL, NULL),
(264, 'P0259', 'Injection lump Fuel Metering Control B High (Cam/Rotor/Injector)', NULL, NULL),
(265, 'P0260', 'Injection Pump Fuel Metering Control B Intermittent (Cam/Rotor/Injector)', NULL, NULL),
(266, 'P0261', 'Cylinder 1 Injector Circuit Low', NULL, NULL),
(267, 'P0262', 'Cylinder 1 Injector Circuit High', NULL, NULL),
(268, 'P0263', 'Cylinder 1 Contribution/Balance Fault', NULL, NULL),
(269, 'P0264', 'Cylinder 2 Injector Circuit Low', NULL, NULL),
(270, 'P0265', 'Cylinder 2 Injector Circuit High', NULL, NULL),
(271, 'P0266', 'Cylinder 2 Contribution/Balance Fault', NULL, NULL),
(272, 'P0267', 'Cylinder 3 Injector Circuit Low', NULL, NULL),
(273, 'P0268', 'Cylinder 3 Injector Circuit High', NULL, NULL),
(274, 'P0269', 'Cylinder 3 Contribution/Balance Fault', NULL, NULL),
(275, 'P0270', 'Cylinder 4 Injector Circuit Low', NULL, NULL),
(276, 'P0271', 'Cylinder 4 Injector Circuit High', NULL, NULL),
(277, 'P0272', 'Cylinder 4 Contribution/Balance Fault', NULL, NULL),
(278, 'P0273', 'Cylinder 5 Injector Circuit Low', NULL, NULL),
(279, 'P0274', 'Cylinder 5 Injector Circuit High', NULL, NULL),
(280, 'P0275', 'Cylinder 5 Contribution/Balance Fault', NULL, NULL),
(281, 'P0276', 'Cylinder 6 Injector Circuit Low', NULL, NULL),
(282, 'P0277', 'Cylinder 6 Injector Circuit High', NULL, NULL),
(283, 'P0278', 'Cylinder 6 Contribution/Balance Fault', NULL, NULL),
(284, 'P0279', 'Cylinder 7 Injector Circuit Low', NULL, NULL),
(285, 'P0280', 'Cylinder 7 Injector Circuit High', NULL, NULL),
(286, 'P0281', 'Cylinder 7 Contribution/Balance Fault', NULL, NULL),
(287, 'P0282', 'Cylinder 8 Injector Circuit Low', NULL, NULL),
(288, 'P0283', 'Cylinder 8 Injector Circuit High', NULL, NULL),
(289, 'P0284', 'Cylinder 8 Contribution/Balance Fault', NULL, NULL),
(290, 'P0285', 'Cylinder 9 Injector Circuit Low', NULL, NULL),
(291, 'P0286', 'Cylinder 9 Injector Circuit High', NULL, NULL),
(292, 'P0287', 'Cylinder 9 Contribution/Balance Fault', NULL, NULL),
(293, 'P0288', 'Cylinder 10 Injector Circuit Low', NULL, NULL),
(294, 'P0289', 'Cylinder 10 Injector Circuit High', NULL, NULL),
(295, 'P0290', 'Cylinder 10 Contribution/Balance Fault', NULL, NULL),
(296, 'P0291', 'Cylinder 11 Injector Circuit Low', NULL, NULL),
(297, 'P0292', 'Cylinder 11 Injector Circuit High', NULL, NULL),
(298, 'P0293', 'Cylinder 11 Contribution/Balance Fault', NULL, NULL),
(299, 'P0294', 'Cylinder 12 Injector Circuit Low', NULL, NULL),
(300, 'P0295', 'Cylinder 12 Injector Circuit High', NULL, NULL),
(301, 'P0296', 'Cylinder 12 Contribution/Balance Fault', NULL, NULL),
(302, 'P0297', 'Vehicle Overspeed Condition', NULL, NULL),
(303, 'P0298', 'Engine Oil Over Temperature', NULL, NULL),
(304, 'P0299', 'Turbo / Super Charger Underboost', NULL, NULL),
(305, 'P0300', 'Random/Multiple Cylinder Misfire Detected', NULL, NULL),
(306, 'P0301', 'Cylinder 1 Misfire Detected', NULL, NULL),
(307, 'P0302', 'Cylinder 2 Misfire Detected', NULL, NULL),
(308, 'P0303', 'Cylinder 3 Misfire Detected', NULL, NULL),
(309, 'P0304', 'Cylinder 4 Misfire Detected', NULL, NULL),
(310, 'P0305', 'Cylinder 5 Misfire Detected', NULL, NULL),
(311, 'P0306', 'Cylinder 6 Misfire Detected', NULL, NULL),
(312, 'P0307', 'Cylinder 7 Misfire Detected', NULL, NULL),
(313, 'P0308', 'Cylinder 8 Misfire Detected', NULL, NULL),
(314, 'P0309', 'Cylinder 9 Misfire Detected', NULL, NULL),
(315, 'P0310', 'Cylinder 10 Misfire Detected', NULL, NULL),
(316, 'P0311', 'Cylinder 11 Misfire Detected', NULL, NULL),
(317, 'P0312', 'Cylinder 12 Misfire Detected', NULL, NULL),
(318, 'P0313', 'Misfire Detected with Low Fuel', NULL, NULL),
(319, 'P0314', 'Single Cylinder Misfire (Cylinder not Specified)', NULL, NULL),
(320, 'P0315', 'Crankshaft Position System Variation Not Learned', NULL, NULL),
(321, 'P0316', 'Misfire Detected On Startup (First 1000 Revolutions)', NULL, NULL),
(322, 'P0317', 'Rough Road Hardware Not Present', NULL, NULL),
(323, 'P0318', 'Rough Road Sensor A Signal Circuit', NULL, NULL),
(324, 'P0319', 'Rough Road Sensor B Signal Circuit', NULL, NULL),
(325, 'P0320', 'Ignition/Distributor Engine Speed Input Circuit Malfunction', NULL, NULL),
(326, 'P0321', 'Ignition/Distributor Engine Speed Input Circuit Range/Performance', NULL, NULL),
(327, 'P0322', 'Ignition/Distributor Engine Speed Input Circuit No Signal', NULL, NULL),
(328, 'P0323', 'Ignition/Distributor Engine Speed Input Circuit Intermittent', NULL, NULL),
(329, 'P0324', 'Single Cylinder Misfire (Cylinder not Specified)', NULL, NULL),
(330, 'P0325', 'Knock Sensor 1 Circuit (Bank 2 or Single Sensor)', NULL, NULL),
(331, 'P0326', 'Knock Sensor 1 Circuit Range/Performance (Bank 2 or Single Sensor)', NULL, NULL),
(332, 'P0327', 'Knock Sensor 1 Circuit low Input (Bank 2 or Single Sensor)', NULL, NULL),
(333, 'P0328', 'Knock Sensor 1 Circuit High Input (Bank 2 or Single Sensor)', NULL, NULL),
(334, 'P0329', 'Knock Sensor 1 Circuit Input Intermittent (Bank 2 or Single Sensor)', NULL, NULL),
(335, 'P0330', 'Knock Sensor 2 Circuit (Bank 2)', NULL, NULL),
(336, 'P0331', 'Knock Sensor 2 Circuit Range/Performance (Bank 2)', NULL, NULL),
(337, 'P0332', 'Knock Sensor 2 Circuit Low Input (Bank 2)', NULL, NULL),
(338, 'P0333', 'Knock Sensor 2 Circuit High Input (Bank 2)', NULL, NULL),
(339, 'P0334', 'Knock Sensor 2 Circuit Input Intermittent (Bank 2)', NULL, NULL),
(340, 'P0335', 'Crankshaft Position Sensor A Circuit Malfunction', NULL, NULL),
(341, 'P0336', 'Crankshaft Position Sensor A Circuit Range/Performance', NULL, NULL),
(342, 'P0337', 'Crankshaft Position Sensor A Circuit Low Input', NULL, NULL),
(343, 'P0338', 'Crankshaft Position Sensor A Circuit High Input', NULL, NULL),
(344, 'P0339', 'Crankshaft Position Sensor A Circuit Intermittent', NULL, NULL),
(345, 'P0340', 'Camshaft Position Sensor Circuit Malfunction', NULL, NULL),
(346, 'P0341', 'Camshaft Position Sensor Circuit Range/Performance', NULL, NULL),
(347, 'P0342', 'Camshaft Position Sensor Circuit Low Input', NULL, NULL),
(348, 'P0343', 'Camshaft Position Sensor Circuit High Input', NULL, NULL),
(349, 'P0344', 'Camshaft Position Sensor Circuit Intermittent', NULL, NULL),
(350, 'P0345', 'Camshaft Position Sensor A Circuit (Bank 2)', NULL, NULL),
(351, 'P0346', 'Camshaft Position Sensor A Circuit Range/Performance (Bank 2)', NULL, NULL),
(352, 'P0347', 'Camshaft Position Sensor A Circuit Low Input (Bank 2)', NULL, NULL),
(353, 'P0348', 'Camshaft Position Sensor A Circuit High Input (Bank 2)', NULL, NULL),
(354, 'P0349', 'Camshaft Position Sensor A Circuit Intermittent (Bank 2)', NULL, NULL),
(355, 'P0350', 'Ignition Coil Primary/Secondary Circuit Malfunction', NULL, NULL),
(356, 'P0351', 'Ignition Coil A Primary/Secondary Circuit Malfunction', NULL, NULL),
(357, 'P0352', 'Ignition Coil B Primary/Secondary Circuit Malfunction', NULL, NULL),
(358, 'P0353', 'Ignition Coil C Primary/Secondary Circuit Malfunction', NULL, NULL),
(359, 'P0354', 'Ignition Coil D Primary/Secondary Circuit Malfunction', NULL, NULL),
(360, 'P0355', 'Ignition Coil E Primary/Secondary Circuit Malfunction', NULL, NULL),
(361, 'P0356', 'Ignition Coil F Primary/Secondary Circuit Malfunction', NULL, NULL),
(362, 'P0357', 'Ignition Coil G Primary/Secondary Circuit Malfunction', NULL, NULL),
(363, 'P0358', 'Ignition Coil H Primary/Secondary Circuit Malfunction', NULL, NULL),
(364, 'P0359', 'Ignition Coil I Primary/Secondary Circuit Malfunction', NULL, NULL),
(365, 'P0360', 'Ignition Coil J Primary/Secondary Circuit Malfunction', NULL, NULL),
(366, 'P0361', 'Ignition Coil K Primary/Secondary Circuit Malfunction', NULL, NULL),
(367, 'P0362', 'Ignition Coil L Primary/Secondary Circuit Malfunction', NULL, NULL),
(368, 'P0363', 'Misfire Detected - Fueling Disabled', NULL, NULL),
(369, 'P0364', 'Ignition Coil L Primary/Secondary Circuit', NULL, NULL),
(370, 'P0365', 'Camshaft Position Sensor B Circuit (Bank 2)', NULL, NULL),
(371, 'P0366', 'Camshaft Position Sensor B Circuit Range/Performance (Bank 2)', NULL, NULL),
(372, 'P0367', 'Camshaft Position Sensor B Circuit Low Input (Bank 2)', NULL, NULL),
(373, 'P0368', 'Camshaft Position Sensor B Circuit High Input (Bank 2)', NULL, NULL),
(374, 'P0369', 'Camshaft Position Sensor B Circuit Intermittent (Bank 2)', NULL, NULL),
(375, 'P0370', 'Timing Reference High Resolution Signal A Malfunction', NULL, NULL),
(376, 'P0371', 'Timing Reference High Resolution Signal A Too Many Pulses', NULL, NULL),
(377, 'P0372', 'Timing Reference High Resolution Signal A Too Few Pulses', NULL, NULL),
(378, 'P0373', 'Timing Reference High Resolution Signal A Intermittent/Erratic Pulses', NULL, NULL),
(379, 'P0374', 'Timing Reference High Resolution Signal A No Pulses', NULL, NULL),
(380, 'P0375', 'Timing Reference High Resolution Signal B Malfunction', NULL, NULL),
(381, 'P0376', 'Timing Reference High Resolution Signal B Too Many Pulses', NULL, NULL),
(382, 'P0377', 'Timing Reference High Resolution Signal B Too Few Pulses', NULL, NULL),
(383, 'P0378', 'Timing Reference High Resolution Signal B Intermittent/Erratic Pulses', NULL, NULL),
(384, 'P0379', 'Timing Reference High Resolution Signal B No Pulses', NULL, NULL),
(385, 'P0380', 'Glow Plug/Heater Circuit A Malfunction', NULL, NULL),
(386, 'P0381', 'Glow Plug/Heater Indicator Circuit Malfunction', NULL, NULL),
(387, 'P0382', 'Glow Plug/Heater Circuit B Malfunction', NULL, NULL),
(388, 'P0383', 'Glow Plug/Heater Indicator Circuit', NULL, NULL),
(389, 'P0384', 'Glow Plug/Heater Circuit B', NULL, NULL),
(390, 'P0385', 'Crankshaft Position Sensor B Circuit Malfunction', NULL, NULL),
(391, 'P0386', 'Crankshaft Position Sensor B Circuit Range/Performance', NULL, NULL),
(392, 'P0387', 'Crankshaft Position Sensor B Circuit Low Input', NULL, NULL),
(393, 'P0388', 'Crankshaft Position Sensor B Circuit High Input', NULL, NULL),
(394, 'P0389', 'Crankshaft Position Sensor B Circuit Intermittent', NULL, NULL),
(395, 'P0390', 'Camshaft Position Sensor B Circuit (Bank 2)', NULL, NULL),
(396, 'P0391', 'Camshaft Position Sensor B Circuit Range/Performance (Bank 2)', NULL, NULL),
(397, 'P0392', 'Camshaft Position Sensor B Circuit Low Input (Bank 2)', NULL, NULL),
(398, 'P0393', 'Camshaft Position Sensor B Circuit High Input (Bank 2)', NULL, NULL),
(399, 'P0394', 'Camshaft Position Sensor B Circuit Intermittent (Bank 2)', NULL, NULL),
(400, 'P0395', 'Camshaft Position Sensor B Circuit High Input (Bank 2)', NULL, NULL),
(401, 'P0396', 'Camshaft Position Sensor B Circuit Intermittent (Bank 2)', NULL, NULL),
(402, 'P0400', 'Exhaust Gas Recirculation Flow Malfunction', NULL, NULL),
(403, 'P0401', 'Exhaust Gas Recirculation Flow Insufficient Detected', NULL, NULL),
(404, 'P0402', 'Exhaust Gas Recirculation Flow Excessive Detected', NULL, NULL),
(405, 'P0403', 'Exhaust Gas Recirculation Circuit Malfunction', NULL, NULL),
(406, 'P0404', 'Exhaust Gas Recirculation Circuit Range/Performance', NULL, NULL),
(407, 'P0405', 'Exhaust Gas Recirculation Sensor A Circuit Low', NULL, NULL),
(408, 'P0406', 'Exhaust Gas Recirculation Sensor A Circuit High', NULL, NULL),
(409, 'P0407', 'Exhaust Gas Recirculation Sensor B Circuit Low', NULL, NULL),
(410, 'P0408', 'Exhaust Gas Recirculation Sensor B Circuit High', NULL, NULL),
(411, 'P0409', 'Exhaust Gas Recirculation Sensor A Circuit', NULL, NULL),
(412, 'P0410', 'Secondary Air Injection System Malfunction', NULL, NULL),
(413, 'P0411', 'Secondary Air Injection System Incorrect Flow Detected', NULL, NULL),
(414, 'P0412', 'Secondary Air Injection System Switching Valve A Circuit Malfunction', NULL, NULL),
(415, 'P0413', 'Secondary Air Injection System Switching Valve A Circuit Open', NULL, NULL),
(416, 'P0414', 'Secondary Air Injection System Switching Valve A Circuit Shorted', NULL, NULL),
(417, 'P0415', 'Secondary Air Injection System Switching Valve B Circuit Malfunction', NULL, NULL),
(418, 'P0416', 'Secondary Air Injection System Switching Valve B Circuit Open', NULL, NULL),
(419, 'P0417', 'Secondary Air Injection System Switching Valve B Circuit Shorted', NULL, NULL),
(420, 'P0418', 'Secondary Air Injection System Relay A circuit Malfunction', NULL, NULL),
(421, 'P0419', 'Secondary Air Injection System Relay B Circuit Malfunction', NULL, NULL),
(422, 'P0420', 'Catalyst System Efficiency Below Threshold (Bank 1)', NULL, NULL),
(423, 'P0421', 'Warm Up Catalyst Efficiency Below Threshold (Bank 1)', NULL, NULL),
(424, 'P0422', 'Main Catalyst Efficiency Below Threshold (Bank 1)', NULL, NULL),
(425, 'P0423', 'Heated Catalyst Efficiency Below Threshold (Bank 1)', NULL, NULL),
(426, 'P0424', 'Heated Catalyst Temperature Below Threshold (Bank 1)', NULL, NULL),
(427, 'P0425', 'Catalyst Temperature Sensor (Bank 1 Sensor 1)', NULL, NULL),
(428, 'P0426', 'Catalyst Temperature Sensor Range/Performance (Bank 1 Sensor 1)', NULL, NULL),
(429, 'P0427', 'Catalyst Temperature Sensor Low Input (Bank 1 Sensor 1)', NULL, NULL),
(430, 'P0428', 'Catalyst Temperature Sensor High Input (Bank 1 Sensor 1)', NULL, NULL),
(431, 'P0429', 'Catalyst Heater Control Circuit (Bank 1)', NULL, NULL),
(432, 'P0430', 'Catalyst System Efficiency Below Threshold (Bank 2)', NULL, NULL),
(433, 'P0431', 'Warm Up Catalyst Efficiency Below Threshold (Bank 2)', NULL, NULL),
(434, 'P0432', 'Main Catalyst Efficiency Below Threshold (Bank 2)', NULL, NULL),
(435, 'P0433', 'Heated Catalyst Efficiency Below Threshold (Bank 2)', NULL, NULL),
(436, 'P0434', 'Heated Catalyst Temperature Below Threshold (Bank 2)', NULL, NULL),
(437, 'P0435', 'Catalyst Temperature Sensor (Bank 2 Sensor 1)', NULL, NULL),
(438, 'P0436', 'Catalyst Temperature Sensor Range/Performance (Bank 2 Sensor 1)', NULL, NULL),
(439, 'P0437', 'Catalyst Temperature Sensor Low Input (Bank 2 Sensor 1)', NULL, NULL),
(440, 'P0438', 'Catalyst Temperature Sensor High Input (Bank 2 Sensor 1)', NULL, NULL),
(441, 'P0439', 'Catalyst Heater Control Circuit (Bank 2)', NULL, NULL),
(442, 'P0440', 'Evaporative Emission Control System Malfunction', NULL, NULL),
(443, 'P0441', 'Evaporative Emission Control System Incorrect Purge flow', NULL, NULL),
(444, 'P0442', 'Evaporative Emission Control System leak Detected (small leak)', NULL, NULL),
(445, 'P0443', 'Evaporative Emission Control System Purge Control Valve circuit Malfunction', NULL, NULL),
(446, 'P0444', 'Evaporative Emission Control System Purge Control Valve Circuit Open', NULL, NULL),
(447, 'P0445', 'Evaporative Emission Control System Purge Control Valve Circuit Shorted', NULL, NULL),
(448, 'P0446', 'Evaporative Emission Control System Vent Control Circuit Malfunction', NULL, NULL),
(449, 'P0447', 'Evaporative Emission Control System Vent Control Circuit Open', NULL, NULL),
(450, 'P0448', 'Evaporative Emission Control System Vent Control Circuit Shorted', NULL, NULL),
(451, 'P0449', 'Evaporative Emission Control System Vent Valve/Solenoid Circuit Malfunction', NULL, NULL),
(452, 'P0460', 'Evaporative Emission Control System Pressure Sensor Malfunction', NULL, NULL),
(453, 'P0461', 'Evaporative Emission Control System Pressure Sensor Range/Performance', NULL, NULL),
(454, 'P0462', 'Evaporative Emission Control System Pressure Sensor Low Input', NULL, NULL),
(455, 'P0463', 'Evaporative Emission Control System Pressure Sensor High Input', NULL, NULL),
(456, 'P0464', 'Evaporative Emission Control System Pressure Sensor Intermittent', NULL, NULL),
(457, 'P0465', 'Evaporative Emission Control System Tank Detected (gross leak)', NULL, NULL),
(458, 'P0466', 'Evaporative Emission System Leak Detected (very small leak)', NULL, NULL),
(459, 'P0467', 'Evaporative Emission System Leak Detected (fuel cap loose/off)', NULL, NULL),
(460, 'P0468', 'Evaporative Emission System Purge Control Valve Circuit Low', NULL, NULL),
(461, 'P0469', 'Evaporative Emission System Purge Control Valve Circuit High', NULL, NULL),
(462, 'P0470', 'Exhaust Pressure Sensor Malfunction', NULL, NULL),
(463, 'P0471', 'Exhaust Pressure Sensor Range/Performance', NULL, NULL),
(464, 'P0472', 'Exhaust Pressure Sensor Low', NULL, NULL),
(465, 'P0473', 'Exhaust Pressure Sensor High', NULL, NULL),
(466, 'P0474', 'Exhaust Pressure Sensor Intermittent', NULL, NULL),
(467, 'P0475', 'Exhaust Pressure Control Valve Malfunction', NULL, NULL),
(468, 'P0476', 'Exhaust Pressure Control Valve Range/Performance', NULL, NULL),
(469, 'P0477', 'Exhaust Pressure Control Valve Low', NULL, NULL),
(470, 'P0478', 'Exhaust Pressure Control Valve High', NULL, NULL),
(471, 'P0479', 'Exhaust Pressure Control Valve Intermittent', NULL, NULL),
(472, 'P0480', 'Cooling Fan 1 Control Circuit Malfunction', NULL, NULL),
(473, 'P0481', 'Cooling Fan 2 Control Circuit Malfunction', NULL, NULL),
(474, 'P0482', 'Cooling Fan 3 Control Circuit Malfunction', NULL, NULL),
(475, 'P0483', 'Cooling Fan Rationality Check Malfunction', NULL, NULL),
(476, 'P0484', 'Cooling Fan Circuit Over Current', NULL, NULL),
(477, 'P0485', 'Cooling Fan Power/Ground Circuit Malfunction', NULL, NULL),
(478, 'P0486', 'Exhaust Gas Recirculation Sensor B Circuit', NULL, NULL),
(479, 'P0487', 'Exhaust Gas Recirculation Throttle Position Control Circuit', NULL, NULL),
(480, 'P0488', 'Exhaust Gas Recirculation Throttle Position Control Range/Performance', NULL, NULL),
(481, 'P0489', 'Exhaust Gas Recirculation Control Circuit Low', NULL, NULL),
(482, 'P0490', 'Exhaust Gas Recirculation Control Circuit Low', NULL, NULL),
(483, 'P0491', 'Secondary Air Injection System (Bank 2)', NULL, NULL),
(484, 'P0492', 'Secondary Air Injection System (Bank 2)', NULL, NULL),
(485, 'P0493', 'Fan Overspeed (clutch locked)', NULL, NULL),
(486, 'P0494', 'Fan Speed Low', NULL, NULL),
(487, 'P0495', 'Fan Speed High', NULL, NULL),
(488, 'P0496', 'Evaporative Emission System High Purge Flow', NULL, NULL),
(489, 'P0497', 'Evaporative Emission System Low Purge Flow', NULL, NULL),
(490, 'P0498', 'Evaporative Emission System Vent Control Circuit Low', NULL, NULL),
(491, 'P0499', 'Evaporative Emission System Vent Control Circuit High', NULL, NULL),
(492, 'P0500', 'Vehicle Speed Sensor Malfunction', NULL, NULL),
(493, 'P0501', 'Vehicle Speed Sensor Range/Performance', NULL, NULL),
(494, 'P0502', 'Vehicle Speed Sensor Circuit Low Input', NULL, NULL),
(495, 'P0503', 'Vehicle Speed Sensor Intermittent/Erratic/High', NULL, NULL),
(496, 'P0504', 'Brake Switch A / B Correlation', NULL, NULL),
(497, 'P0505', 'Idle Control System Malfunction', NULL, NULL),
(498, 'P0506', 'Idle Control System RPM lower Than Expected', NULL, NULL),
(499, 'P0507', 'Idle Control System RPM higher Than Expected', NULL, NULL),
(500, 'P0508', 'Idle Air Control System Circuit Low', NULL, NULL),
(501, 'P0509', 'Idle Air Control System Circuit High', NULL, NULL),
(502, 'P0510', 'Closed Throttle Position Switch Malfunction', NULL, NULL),
(503, 'P0511', 'Idle Air Control Circuit', NULL, NULL),
(504, 'P0512', 'Starter Request Circuit', NULL, NULL),
(505, 'P0513', 'Incorrect Immobilizer Key', NULL, NULL),
(506, 'P0514', 'Battery Temperature Sensor Circuit Range/Performance', NULL, NULL),
(507, 'P0515', 'Battery Temperature Sensor Circuit', NULL, NULL),
(508, 'P0516', 'Battery Temperature Sensor Circuit Low', NULL, NULL),
(509, 'P0517', 'Battery Temperature Sensor Circuit High', NULL, NULL),
(510, 'P0518', 'Idle Air Control Circuit Intermittent', NULL, NULL),
(511, 'P0519', 'Idle Air Control Circuit System Performance', NULL, NULL),
(512, 'P0520', 'Engine Oil Pressure Sensor/Switch Circuit Malfunction', NULL, NULL),
(513, 'P0521', 'Engine Oil Pressure Sensor/Switch Range/Performance', NULL, NULL),
(514, 'P0522', 'Engine Oil Pressure Sensor/Switch Low Voltage', NULL, NULL),
(515, 'P0523', 'Engine Oil Pressure Sensor/Switch High Voltage', NULL, NULL),
(516, 'P0524', 'Engine Oil Pressure Too Low', NULL, NULL),
(517, 'P0525', 'Cruise Control Servo Control Circuit Range/Performance', NULL, NULL),
(518, 'P0526', 'Fan Speed Sensor Circuit', NULL, NULL),
(519, 'P0527', 'Fan Speed Sensor Circuit Range/Performance', NULL, NULL),
(520, 'P0528', 'Fan Speed Sensor Circuit No Signal', NULL, NULL),
(521, 'P0529', 'Fan Speed Sensor Circuit Intermittent', NULL, NULL),
(522, 'P0530', 'A/C Refrigerant Pressure Sensor Circuit Malfunction', NULL, NULL),
(523, 'P0531', 'A/C Refrigerant Pressure Sensor Circuit Range/Performance', NULL, NULL),
(524, 'P0532', 'A/C Refrigerant Pressure Sensor Circuit Low Input', NULL, NULL),
(525, 'P0533', 'A/C Refrigerant pressure Sensor Circuit High Input', NULL, NULL),
(526, 'P0534', 'Air Conditioner Refrigerant Charge Loss', NULL, NULL),
(527, 'P0535', 'A/C Evaporator Temperature Sensor Circuit', NULL, NULL),
(528, 'P0536', 'A/C Evaporator Temperature Sensor Circuit Range/Performance', NULL, NULL),
(529, 'P0537', 'A/C Evaporator Temperature Sensor Circuit Low', NULL, NULL),
(530, 'P0538', 'A/C Evaporator Temperature Sensor Circuit High', NULL, NULL),
(531, 'P0539', 'A/C Evaporator Temperature Sensor Circuit Intermittent', NULL, NULL),
(532, 'P0540', 'Intake Air Heater A Circuit', NULL, NULL),
(533, 'P0541', 'Intake Air Heater A Circuit Low', NULL, NULL),
(534, 'P0542', 'Intake Air Heater A Circuit High', NULL, NULL),
(535, 'P0543', 'Intake Air Heater A Circuit Open', NULL, NULL),
(536, 'P0544', 'Exhaust Gas Temperature Sensor Circuit - Bank 2 Sensor 1', NULL, NULL),
(537, 'P0545', 'Exhaust Gas Temperature Sensor Circuit Low - Bank 2 Sensor 1', NULL, NULL),
(538, 'P0546', 'Exhaust Gas Temperature Sensor Circuit High - Bank 2 Sensor 1', NULL, NULL),
(539, 'P0547', 'Exhaust Gas Temperature Sensor Circuit - Bank 2 Sensor 1', NULL, NULL),
(540, 'P0548', 'Exhaust Gas Temperature Sensor Circuit Low - Bank 2 Sensor 1', NULL, NULL),
(541, 'P0549', 'Exhaust Gas Temperature Sensor Circuit High - Bank 2 Sensor 1', NULL, NULL),
(542, 'P0550', 'Power Steering Pressure Sensor Circuit Malfunction', NULL, NULL),
(543, 'P0551', 'Power Steering Pressure Sensor Circuit Range/Performance', NULL, NULL),
(544, 'P0552', 'Power Steering Pressure Sensor Circuit Low Input', NULL, NULL),
(545, 'P0553', 'Power Steering Pressure Sensor Circuit High Input', NULL, NULL),
(546, 'P0554', 'Power Steering Pressure sensor Circuit Intermittent', NULL, NULL),
(547, 'P0555', 'Brake Booster Pressure Sensor Circuit', NULL, NULL),
(548, 'P0556', 'Brake Booster Pressure Sensor Circuit Range/Performance', NULL, NULL),
(549, 'P0557', 'Brake Booster Pressure Sensor Circuit Low Input', NULL, NULL),
(550, 'P0558', 'Brake Booster Pressure Sensor Circuit High Input', NULL, NULL),
(551, 'P0559', 'Brake Booster Pressure Sensor Circuit Intermittent', NULL, NULL),
(552, 'P0560', 'System Voltage Malfunction', NULL, NULL),
(553, 'P0561', 'System Voltage Unstable', NULL, NULL),
(554, 'P0562', 'System Voltage Low', NULL, NULL),
(555, 'P0563', 'System Voltage High', NULL, NULL),
(556, 'P0564', 'Cruise Control Multi-Function Input A Circuit', NULL, NULL),
(557, 'P0565', 'Cruise Control On Signal Malfunction', NULL, NULL),
(558, 'P0566', 'Cruise Control Off Signal Malfunction', NULL, NULL),
(559, 'P0567', 'Cruise Control Resume Signal Malfunction', NULL, NULL),
(560, 'P0568', 'Cruise Control Set Signal Malfunction', NULL, NULL),
(561, 'P0569', 'Cruise Control Coast Signal Malfunction', NULL, NULL),
(562, 'P0570', 'Cruise Control Accel Signal Malfunction', NULL, NULL),
(563, 'P0571', 'Cruise Control/Brake Switch A Circuit Malfunction', NULL, NULL),
(564, 'P0572', 'Cruise Control/Brake Switch A Circuit Low', NULL, NULL),
(565, 'P0573', 'Cruise Control/Brake Switch A Circuit High', NULL, NULL),
(566, 'P0574', 'Cruise Control System - Vehicle Speed Too High', NULL, NULL),
(567, 'P0575', 'Cruise Control Input Circuit', NULL, NULL),
(568, 'P0576', 'Cruise Control Input Circuit Low', NULL, NULL),
(569, 'P0577', 'Cruise Control Input Circuit High', NULL, NULL),
(570, 'P0578', 'Cruise Control Multi-Function Input A Circuit Stuck', NULL, NULL),
(571, 'P0579', 'Cruise Control Multi-Function Input A Circuit Range/Performance', NULL, NULL),
(572, 'P0580', 'Cruise Control Multi-Function Input A Circuit Low', NULL, NULL),
(573, 'P0581', 'Cruise Control Multi-Function Input A Circuit High', NULL, NULL),
(574, 'P0582', 'Cruise Control Vacuum Control Circuit /Open', NULL, NULL),
(575, 'P0583', 'Cruise Control Vacuum Control Circuit Low', NULL, NULL),
(576, 'P0584', 'Cruise Control Vacuum Control Circuit High', NULL, NULL),
(577, 'P0585', 'Cruise Control Multi-Function Input A / B Correlation', NULL, NULL),
(578, 'P0586', 'Cruise Control Vent Control Circuit / Open', NULL, NULL),
(579, 'P0587', 'Cruise Control Vent Control Circuit Low', NULL, NULL),
(580, 'P0588', 'Cruise Control Vent Control Circuit High', NULL, NULL),
(581, 'P0589', 'Cruise Control Multi-Function Input B Circuit', NULL, NULL),
(582, 'P0590', 'Cruise Control Multi-Function Input B Circuit Stuck', NULL, NULL),
(583, 'P0591', 'Cruise Control Multi-Function Input B Circuit Range/Performance', NULL, NULL),
(584, 'P0592', 'Cruise Control Multi-Function Input B Circuit Low', NULL, NULL),
(585, 'P0593', 'Cruise Control Multi-Function Input B Circuit High', NULL, NULL),
(586, 'P0594', 'Cruise Control Servo Control Circuit / Open', NULL, NULL),
(587, 'P0595', 'Cruise Control Servo Control Circuit Low', NULL, NULL),
(588, 'P0596', 'Cruise Control Servo Control Circuit High', NULL, NULL),
(589, 'P0597', 'Thermostat Heater Control Circuit / Open', NULL, NULL),
(590, 'P0598', 'Thermostat Heater Control Circuit Low', NULL, NULL),
(591, 'P0599', 'Thermostat Heater Control Circuit High', NULL, NULL),
(592, 'P0600', 'Serial Communication Link Malfunction', NULL, NULL),
(593, 'P0601', 'Internal Control Module Memory Check Sum Error', NULL, NULL),
(594, 'P0602', 'Control Module Programming Error', NULL, NULL),
(595, 'P0603', 'Internal Control Module Keep Alive Memory (KAM) Error', NULL, NULL),
(596, 'P0604', 'Internal Control Module Random Access Memory (RAM) Error', NULL, NULL),
(597, 'P0605', 'Internal Control Module Read Only Memory (ROM) Error (Module Identification Defined by SAE J1979)', NULL, NULL),
(598, 'P0606', 'ECM/PCM Processor Fault', NULL, NULL),
(599, 'P0607', 'Control Module Performance', NULL, NULL),
(600, 'P0608', 'Control Module VSS Output A Malfunction', NULL, NULL),
(601, 'P0609', 'Control Module VSS Output B Malfunction', NULL, NULL),
(602, 'P0610', 'Control Module VSS Output B Malfunction', NULL, NULL),
(603, 'P0611', 'Fuel Injector Control Module Performance', NULL, NULL),
(604, 'P0612', 'Fuel Injector Control Module Relay Control Circuit', NULL, NULL),
(605, 'P0613', 'TCM Processor', NULL, NULL),
(606, 'P0614', 'ECM / TCM Mismatch', NULL, NULL),
(607, 'P0615', 'Starter Relay Circuit', NULL, NULL),
(608, 'P0616', 'Starter Relay Circuit Low', NULL, NULL),
(609, 'P0617', 'Starter Relay Circuit High', NULL, NULL),
(610, 'P0618', 'Alternative Fuel Control Module KAM Error', NULL, NULL),
(611, 'P0619', 'Alternative Fuel Control Module RAM/ROM Error', NULL, NULL),
(612, 'P0620', 'Generator Control Circuit Malfunction', NULL, NULL),
(613, 'P0621', 'Generator Lamp L Control Circuit Malfunction', NULL, NULL),
(614, 'P0622', 'Generator Field F Control Circuit Malfunction', NULL, NULL),
(615, 'P0623', 'Generator Lamp Control Circuit', NULL, NULL),
(616, 'P0624', 'Fuel Cap Lamp Control Circuit', NULL, NULL),
(617, 'P0625', 'Generator Field Terminal Circuit Low', NULL, NULL),
(618, 'P0626', 'Generator Field Terminal Circuit High', NULL, NULL),
(619, 'P0627', 'Fuel Pump A Control Circuit / Open', NULL, NULL),
(620, 'P0628', 'Fuel Pump A Control Circuit Low', NULL, NULL),
(621, 'P0629', 'Fuel Pump A Control Circuit High', NULL, NULL),
(622, 'P0630', 'VIN Not Programmed or Mismatch - ECM/PCM', NULL, NULL),
(623, 'P0631', 'VIN Not Programmed or Mismatch - TCM', NULL, NULL),
(624, 'P0632', 'Odometer Not Programmed - ECM/PCM', NULL, NULL),
(625, 'P0633', 'Immobolizer Key Not Programmed - ECM/PCM', NULL, NULL),
(626, 'P0634', 'PCM / ECM / TCM Internal Temperature Too High', NULL, NULL),
(627, 'P0635', 'Power Steering Control Circuit', NULL, NULL),
(628, 'P0636', 'Power Steering Control Circuit Low', NULL, NULL),
(629, 'P0637', 'Power Steering Control Circuit High', NULL, NULL),
(630, 'P0638', 'Throttle Actuator Control Range/Performance (Bank 1)', NULL, NULL),
(631, 'P0639', 'Throttle Actuator Control Range/Performance (Bank 2)', NULL, NULL),
(632, 'P0640', 'Intake Air Heater Control Circuit', NULL, NULL),
(633, 'P0641', 'Sensor Reference Voltage A Circuit/Open', NULL, NULL),
(634, 'P0642', 'Sensor Reference Voltage A Circuit Low', NULL, NULL),
(635, 'P0643', 'Sensor Reference Voltage A Circuit High', NULL, NULL),
(636, 'P0644', 'Driver Display Serial Communication Circuit', NULL, NULL),
(637, 'P0645', 'A/C Clutch Relay Control Circuit', NULL, NULL),
(638, 'P0646', 'A/C Clutch Relay Control Circuit Low', NULL, NULL),
(639, 'P0647', 'A/C Clutch Relay Control Circuit High', NULL, NULL),
(640, 'P0648', 'Immobilizer Lamp Control Circuit', NULL, NULL),
(641, 'P0649', 'Speed Control Lamp Control Circuit', NULL, NULL),
(642, 'P0650', 'Malfunction Indicator Lamp (MIL) Control Circuit Malfunction', NULL, NULL),
(643, 'P0651', 'Sensor Reference Voltage B Circuit/Open', NULL, NULL),
(644, 'P0652', 'Sensor Reference Voltage B Circuit Low', NULL, NULL),
(645, 'P0653', 'Sensor Reference Voltage B Circuit High', NULL, NULL),
(646, 'P0654', 'Engine RPM Output Circuit Malfunction', NULL, NULL),
(647, 'P0655', 'Engine Hot Lamp Output Control Circuit Malfunction', NULL, NULL),
(648, 'P0656', 'Fuel Level Output Circuit Malfunction', NULL, NULL),
(649, 'P0657', 'Actuator Supply Voltage Circuit / Open', NULL, NULL),
(650, 'P0658', 'Actuator Supply Voltage Circuit Low', NULL, NULL),
(651, 'P0659', 'Actuator Supply Voltage Circuit High', NULL, NULL),
(652, 'P0660', 'Intake Manifold Tuning Valve Control Circuit (Bank 1)', NULL, NULL),
(653, 'P0661', 'Intake Manifold Tuning Valve Control Circuit Low (Bank 1)', NULL, NULL),
(654, 'P0662', 'Intake Manifold Tuning Valve Control Circuit High (Bank 1)', NULL, NULL),
(655, 'P0663', 'Intake Manifold Tuning Valve Control Circuit (Bank 2)', NULL, NULL);
INSERT INTO `obd_codes` (`id`, `code`, `description`, `moreinfo`, `imgpath`) VALUES
(656, 'P0664', 'Intake Manifold Tuning Valve Control Circuit Low (Bank 2)', NULL, NULL),
(657, 'P0665', 'Intake Manifold Tuning Valve Control Circuit High (Bank 2)', NULL, NULL),
(658, 'P0666', 'PCM / ECM / TCM Internal Temperature Sensor Circuit', NULL, NULL),
(659, 'P0667', 'PCM / ECM / TCM Internal Temperature Sensor Range/Performance', NULL, NULL),
(660, 'P0668', 'PCM / ECM / TCM Internal Temperature Sensor Circuit Low', NULL, NULL),
(661, 'P0669', 'PCM / ECM / TCM Internal Temperature Sensor Circuit High', NULL, NULL),
(662, 'P0670', 'Glow Plug Module Control Circuit', NULL, NULL),
(663, 'P0671', 'Cylinder 1 Glow Plug Circuit', NULL, NULL),
(664, 'P0672', 'Cylinder 2 Glow Plug Circuit', NULL, NULL),
(665, 'P0673', 'Cylinder 3 Glow Plug Circuit', NULL, NULL),
(666, 'P0674', 'Cylinder 4 Glow Plug Circuit', NULL, NULL),
(667, 'P0675', 'Cylinder 5 Glow Plug Circuit', NULL, NULL),
(668, 'P0676', 'Cylinder 6 Glow Plug Circuit', NULL, NULL),
(669, 'P0677', 'Cylinder 7 Glow Plug Circuit', NULL, NULL),
(670, 'P0678', 'Cylinder 8 Glow Plug Circuit', NULL, NULL),
(671, 'P0679', 'Cylinder 9 Glow Plug Circuit', NULL, NULL),
(672, 'P0680', 'Cylinder 10 Glow Plug Circuit', NULL, NULL),
(673, 'P0681', 'Cylinder 11 Glow Plug Circuit', NULL, NULL),
(674, 'P0682', 'Cylinder 12 Glow Plug Circuit', NULL, NULL),
(675, 'P0683', 'Glow Plug Control Module to PCM Communication Circuit', NULL, NULL),
(676, 'P0684', 'Glow Plug Control Module to PCM Communication Circuit Range/Performance', NULL, NULL),
(677, 'P0685', 'ECM/PCM Power Relay Control Circuit/Open', NULL, NULL),
(678, 'P0686', 'ECM/PCM Power Relay Control Circuit Low', NULL, NULL),
(679, 'P0687', 'ECM/PCM Power Relay Control Circuit High', NULL, NULL),
(680, 'P0688', 'ECM/PCM Power Relay Sense Circuit', NULL, NULL),
(681, 'P0689', 'ECM/PCM Power Relay Sense Circuit Low', NULL, NULL),
(682, 'P0690', 'ECM/PCM Power Relay Sense Circuit High', NULL, NULL),
(683, 'P0691', 'Fan 1 Control Circuit Low', NULL, NULL),
(684, 'P0692', 'Fan 1 Control Circuit High', NULL, NULL),
(685, 'P0693', 'Fan 2 Control Circuit Low', NULL, NULL),
(686, 'P0694', 'Fan 2 Control Circuit High', NULL, NULL),
(687, 'P0695', 'Fan 3 Control Circuit Low', NULL, NULL),
(688, 'P0696', 'Fan 3 Control Circuit High', NULL, NULL),
(689, 'P0697', 'Sensor Reference Voltage C Circuit / Open', NULL, NULL),
(690, 'P0698', 'Sensor Reference Voltage C Circuit Low', NULL, NULL),
(691, 'P0699', 'Sensor Reference Voltage C Circuit High', NULL, NULL),
(692, 'P0800', 'Transmission Control System (MIL Request)', NULL, NULL),
(693, 'P0801', 'Reverse Inhibit Control Circuit Malfunction', NULL, NULL),
(694, 'P0802', 'Transmission Control System MIL Request Circuit / Open', NULL, NULL),
(695, 'P0803', '1-4 Upshift (Skip Shift) Solenoid Control Circuit Malfunction', NULL, NULL),
(696, 'P0804', '1-4 Upshift (Skip Shift) Lamp Control Circuit Malfunction', NULL, NULL),
(697, 'P0805', 'Clutch Position Sensor Circuit Malfunction', NULL, NULL),
(698, 'P0806', 'Clutch Position Sensor Circuit Range/Performance Malfunction', NULL, NULL),
(699, 'P0807', 'Clutch Position Sensor Circuit Low Malfunction', NULL, NULL),
(700, 'P0808', 'Clutch Position Sensor Circuit High Malfunction', NULL, NULL),
(701, 'P0809', 'Clutch Position Sensor Circuit Intermittent Malfunction', NULL, NULL),
(702, 'P0810', 'Clutch Position Control Error', NULL, NULL),
(703, 'P0811', 'Excessive Clutch Slippage', NULL, NULL),
(704, 'P0812', 'Reverse Input Circuit', NULL, NULL),
(705, 'P0813', 'Reverse Output Circuit', NULL, NULL),
(706, 'P0814', 'Transmission Range Display Circuit', NULL, NULL),
(707, 'P0815', 'Upshift Switch Circuit', NULL, NULL),
(708, 'P0816', 'Downshift Switch Circuit', NULL, NULL),
(709, 'P0817', 'Starter Disable Circuit', NULL, NULL),
(710, 'P0818', 'Driveline Disconnect Switch Input Circuit', NULL, NULL),
(711, 'P0819', 'Up and Down Shift Switch to Transmission Range Correlation', NULL, NULL),
(712, 'P0820', 'Gear Lever X - Y Position Sensor Circuit', NULL, NULL),
(713, 'P0821', 'Gear Lever X Position Circuit', NULL, NULL),
(714, 'P0822', 'Gear Lever Y Position Circuit', NULL, NULL),
(715, 'P0823', 'Gear Lever X Position Circuit Intermittent', NULL, NULL),
(716, 'P0824', 'Gear Lever Y Position Circuit Intermittent', NULL, NULL),
(717, 'P0825', 'Gear Lever Push - Pull Switch (Shift Anticipate)', NULL, NULL),
(718, 'P0826', 'Up and Down Switch Input Circuit', NULL, NULL),
(719, 'P0827', 'Up and Down Switch Input Circuit Low', NULL, NULL),
(720, 'P0828', 'Up and Down Switch Input Circuit High', NULL, NULL),
(721, 'P0829', '5-6 Shift', NULL, NULL),
(722, 'P0830', 'Clutch Pedal Switch A Circuit', NULL, NULL),
(723, 'P0831', 'Clutch Pedal Switch A Circuit Low', NULL, NULL),
(724, 'P0832', 'Clutch Pedal Switch A Circuit High', NULL, NULL),
(725, 'P0833', 'Clutch Pedal Switch B Circuit', NULL, NULL),
(726, 'P0834', 'Clutch Pedal Switch B Circuit Low', NULL, NULL),
(727, 'P0835', 'Clutch Pedal Switch B Circuit High', NULL, NULL),
(728, 'P0836', 'Four Wheel Drive (4WD) Switch Circuit', NULL, NULL),
(729, 'P0837', 'Four Wheel Drive (4WD) Switch Circuit Range/Performance', NULL, NULL),
(730, 'P0838', 'Four Wheel Drive (4WD) Switch Circuit Low', NULL, NULL),
(731, 'P0839', 'Four Wheel Drive (4WD) Switch Circuit High', NULL, NULL),
(732, 'P0840', 'Transmission Fluid Pressure Sensor/Switch A Circuit', NULL, NULL),
(733, 'P0841', 'Transmission Fluid Pressure Sensor/Switch A Circuit Range/Performance', NULL, NULL),
(734, 'P0842', 'Transmission Fluid Pressure Sensor/Switch A Circuit Low', NULL, NULL),
(735, 'P0843', 'Transmission Fluid Pressure Sensor/Switch A Circuit High', NULL, NULL),
(736, 'P0844', 'Transmission Fluid Pressure Sensor/Switch A Circuit Intermittent', NULL, NULL),
(737, 'P0845', 'Transmission Fluid Pressure Sensor/Switch B Circuit', NULL, NULL),
(738, 'P0846', 'Transmission Fluid Pressure Sensor/Switch B Circuit Range/Performance', NULL, NULL),
(739, 'P0847', 'Transmission Fluid Pressure Sensor/Switch B Circuit Low', NULL, NULL),
(740, 'P0848', 'Transmission Fluid Pressure Sensor/Switch B Circuit High', NULL, NULL),
(741, 'P0849', 'Transmission Fluid Pressure Sensor/Switch B Circuit Intermittent', NULL, NULL),
(742, 'P0850', 'Park / Neutral Switch Input Circuit', NULL, NULL),
(743, 'P0851', 'Park / Neutral Switch Input Circuit Low', NULL, NULL),
(744, 'P0852', 'Park / Neutral Switch Input Circuit High', NULL, NULL),
(745, 'P0853', 'Drive Switch Input Circuit', NULL, NULL),
(746, 'P0854', 'Drive Switch Input Circuit Low', NULL, NULL),
(747, 'P0855', 'Drive Switch Input Circuit High', NULL, NULL),
(748, 'P0856', 'Traction Control Input Signal', NULL, NULL),
(749, 'P0857', 'Traction Control Input Signal Range/Performance', NULL, NULL),
(750, 'P0858', 'Traction Control Input Signal Low', NULL, NULL),
(751, 'P0859', 'Traction Control Input Signal High', NULL, NULL),
(752, 'P0860', 'Gear Shift Module Communication Circuit', NULL, NULL),
(753, 'P0861', 'Gear Shift Module Communication Circuit Low', NULL, NULL),
(754, 'P0862', 'Gear Shift Module Communication Circuit High', NULL, NULL),
(755, 'P0863', 'TCM Communication Circuit', NULL, NULL),
(756, 'P0864', 'TCM Communication Circuit Range/Performance', NULL, NULL),
(757, 'P0865', 'TCM Communication Circuit Low', NULL, NULL),
(758, 'P0866', 'TCM Communication Circuit High', NULL, NULL),
(759, 'P0867', 'Transmission Fluid Pressure', NULL, NULL),
(760, 'P0868', 'Transmission Fluid Pressure Low', NULL, NULL),
(761, 'P0869', 'Transmission Fluid Pressure High', NULL, NULL),
(762, 'P0870', 'Transmission Fluid Pressure Sensor/Switch C Circuit', NULL, NULL),
(763, 'P0871', 'Transmission Fluid Pressure Sensor/Switch C Circuit Range/Performance', NULL, NULL),
(764, 'P0872', 'Transmission Fluid Pressure Sensor/Switch C Circuit Low', NULL, NULL),
(765, 'P0873', 'Transmission Fluid Pressure Sensor/Switch C Circuit High', NULL, NULL),
(766, 'P0874', 'Transmission Fluid Pressure Sensor/Switch C Circuit Intermittent', NULL, NULL),
(767, 'P0875', 'Transmission Fluid Pressure Sensor/Switch D Circuit', NULL, NULL),
(768, 'P0876', 'Transmission Fluid Pressure Sensor/Switch D Circuit Range/Performance', NULL, NULL),
(769, 'P0877', 'Transmission Fluid Pressure Sensor/Switch D Circuit Low', NULL, NULL),
(770, 'P0878', 'Transmission Fluid Pressure Sensor/Switch D Circuit High', NULL, NULL),
(771, 'P0879', 'Transmission Fluid Pressure Sensor/Switch D Circuit Intermittent', NULL, NULL),
(772, 'P0880', 'TCM Power Input Signal', NULL, NULL),
(773, 'P0881', 'TCM Power Input Signal Range/Performance', NULL, NULL),
(774, 'P0882', 'TCM Power Input Signal Low', NULL, NULL),
(775, 'P0883', 'TCM Power Input Signal High', NULL, NULL),
(776, 'P0884', 'TCM Power Input Signal Intermittent', NULL, NULL),
(777, 'P0885', 'TCM Power Relay Control Circuit /Open', NULL, NULL),
(778, 'P0886', 'TCM Power Relay Control Circuit Low', NULL, NULL),
(779, 'P0887', 'TCM Power Relay Control Circuit High', NULL, NULL),
(780, 'P0888', 'TCM Power Relay Sense Circuit', NULL, NULL),
(781, 'P0889', 'TCM Power Relay Sense Circuit Range/Performance', NULL, NULL),
(782, 'P0890', 'TCM Power Relay Sense Circuit Low', NULL, NULL),
(783, 'P0891', 'TCM Power Relay Sense Circuit High', NULL, NULL),
(784, 'P0892', 'TCM Power Relay Sense Circuit Intermittent', NULL, NULL),
(785, 'P0893', 'Multiple Gears Engaged', NULL, NULL),
(786, 'P0894', 'Transmission Component Slipping', NULL, NULL),
(787, 'P0895', 'Shift Time Too Short', NULL, NULL),
(788, 'P0896', 'Shift Time Too Long', NULL, NULL),
(789, 'P0897', 'Transmission Fluid Deteriorated', NULL, NULL),
(790, 'P0898', 'Transmission Control System MIL Request Circuit Low', NULL, NULL),
(791, 'P0899', 'Transmission Control System MIL Request Circuit High', NULL, NULL),
(792, 'P0900', 'Clutch Actuator Circuit / Open', NULL, NULL),
(793, 'P0901', 'Clutch Actuator Circuit Range/Performance', NULL, NULL),
(794, 'P0902', 'Clutch Actuator Circuit Low', NULL, NULL),
(795, 'P0903', 'Clutch Actuator Circuit High', NULL, NULL),
(796, 'P0904', 'Gate Select Position Circuit [senses left / right position]', NULL, NULL),
(797, 'P0905', 'Gate Select Position Circuit Range/Performance', NULL, NULL),
(798, 'P0906', 'Gate Select Position Circuit Low', NULL, NULL),
(799, 'P0907', 'Gate Select Position Circuit High', NULL, NULL),
(800, 'P0908', 'Gate Select Position Circuit Intermittent', NULL, NULL),
(801, 'P0909', 'Gate Select Control Error', NULL, NULL),
(802, 'P0910', 'Gate Select Actuator Circuit / Open [left / right motion]', NULL, NULL),
(803, 'P0911', 'Gate Select Actuator Circuit Range/Performance', NULL, NULL),
(804, 'P0912', 'Gate Select Actuator Circuit Low', NULL, NULL),
(805, 'P0913', 'Gate Select Actuator Circuit High', NULL, NULL),
(806, 'P0914', 'Gear Shift Position Circuit [senses forward / rearward position, odd / even gears]', NULL, NULL),
(807, 'P0915', 'Gear Shift Position Circuit Range/Performance', NULL, NULL),
(808, 'P0916', 'Gear Shift Position Circuit Low', NULL, NULL),
(809, 'P0917', 'Gear Shift Position Circuit High', NULL, NULL),
(810, 'P0918', 'Gear Shift Position Circuit Intermittent', NULL, NULL),
(811, 'P0919', 'Gear Shift Position Control Error', NULL, NULL),
(812, 'P0920', 'Gear Shift Forward Actuator Circuit / Open [forward motion, odd gears, 1,3,5]', NULL, NULL),
(813, 'P0921', 'Gear Shift Foward Actuator Circuit Range/Performance', NULL, NULL),
(814, 'P0922', 'Gear Shift Foward Actuator Circuit Low', NULL, NULL),
(815, 'P0923', 'Gear Shift Foward Actuator Circuit High', NULL, NULL),
(816, 'P0924', 'Gear Shift Reverse Actuator Circuit / Open [rearward motion, even gears, 2,4,6]', NULL, NULL),
(817, 'P0925', 'Gear Shift Reverse Actuator Circuit Range/Performance', NULL, NULL),
(818, 'P0926', 'Gear Shift Reverse Actuator Circuit Low', NULL, NULL),
(819, 'P0927', 'Gear Shift Reverse Actuator Circuit High', NULL, NULL),
(820, 'P0928', 'Gear Shift Lock Solenoid Circuit / Open', NULL, NULL),
(821, 'P0929', 'Gear Shift Lock Solenoid Circuit Range/Performance', NULL, NULL),
(822, 'P0930', 'Gear Shift Lock Solenoid Circuit Low', NULL, NULL),
(823, 'P0931', 'Gear Shift Lock Solenoid Circuit High', NULL, NULL),
(824, 'P0932', 'Hydraulic Pressure Sensor Circuit', NULL, NULL),
(825, 'P0933', 'Hydraulic Pressure Sensor Range/Performance', NULL, NULL),
(826, 'P0934', 'Hydraulic Pressure Sensor Circuit Low Input', NULL, NULL),
(827, 'P0935', 'Hydraulic Pressure Sensor Circuit High Input', NULL, NULL),
(828, 'P0936', 'Hydraulic Pressure Sensor Circuit Intermittent', NULL, NULL),
(829, 'P0937', 'Hydraulic Oil Temperature Sensor Circuit', NULL, NULL),
(830, 'P0938', 'Hydraulic Oil Temperature Sensor Range/Performance', NULL, NULL),
(831, 'P0939', 'Hydraulic Oil Temperature Sensor Circuit Low Input', NULL, NULL),
(832, 'P0940', 'Hydraulic Oil Temperature Sensor Circuit High Input', NULL, NULL),
(833, 'P0941', 'Hydraulic Oil Temperature Sensor Circuit Intermittent', NULL, NULL),
(834, 'P0942', 'Hydraulic Pressure Unit', NULL, NULL),
(835, 'P0943', 'Hydraulic Pressure Unit Cycling Period Too Short', NULL, NULL),
(836, 'P0944', 'Hydraulic Pressure Unit Loss of Pressure', NULL, NULL),
(837, 'P0945', 'Hydraulic Pump Relay Circuit / Open', NULL, NULL),
(838, 'P0946', 'Hydraulic Pump Relay Circuit Range/Performance', NULL, NULL),
(839, 'P0947', 'Hydraulic Pump Relay Circuit Low', NULL, NULL),
(840, 'P0948', 'Hydraulic Pump Relay Circuit High', NULL, NULL),
(841, 'P0949', 'ASM Adaptive Learning Not Done', NULL, NULL),
(842, 'P0950', 'ASM Control Circuit [Up / Down / Auto / etc]', NULL, NULL),
(843, 'P0951', 'ASM Control Circuit Range/Performance', NULL, NULL),
(844, 'P0952', 'ASM Control Circuit Low', NULL, NULL),
(845, 'P0953', 'ASM Control Circuit High', NULL, NULL),
(846, 'P0954', 'ASM Control Circuit Intermittent', NULL, NULL),
(847, 'P0955', 'ASM Mode Circuit [Perf / Winter / Sport / etc]', NULL, NULL),
(848, 'P0956', 'ASM Mode Circuit Range/Performance', NULL, NULL),
(849, 'P0957', 'ASM Mode Circuit Low', NULL, NULL),
(850, 'P0958', 'ASM Mode Circuit High', NULL, NULL),
(851, 'P0959', 'ASM Mode Circuit Intermittent', NULL, NULL),
(852, 'P0960', 'Pressure Control Solenoid A Control Circuit / Open', NULL, NULL),
(853, 'P0961', 'Pressure Control Solenoid A Control Circuit Range/Performance', NULL, NULL),
(854, 'P0962', 'Pressure Control Solenoid A Control Circuit Low', NULL, NULL),
(855, 'P0963', 'Pressure Control Solenoid A Control Circuit High', NULL, NULL),
(856, 'P0964', 'Pressure Control Solenoid B Control Circuit / Open', NULL, NULL),
(857, 'P0965', 'Pressure Control Solenoid B Control Circuit Range/Performance', NULL, NULL),
(858, 'P0966', 'Pressure Control Solenoid B Control Circuit Low', NULL, NULL),
(859, 'P0967', 'Pressure Control Solenoid B Control Circuit High', NULL, NULL),
(860, 'P0968', 'Pressure Control Solenoid C Control Circuit / Open', NULL, NULL),
(861, 'P0969', 'Pressure Control Solenoid C Control Circuit Range/Performance', NULL, NULL),
(862, 'P0970', 'Pressure Control Solenoid C Control Circuit Low', NULL, NULL),
(863, 'P0971', 'Pressure Control Solenoid C Control Circuit High', NULL, NULL),
(864, 'P0972', 'Shift Solenoid A Control Circuit Range/Performance', NULL, NULL),
(865, 'P0973', 'Shift Solenoid A Control Circuit Low', NULL, NULL),
(866, 'P0974', 'Shift Solenoid A Control Circuit High', NULL, NULL),
(867, 'P0975', 'Shift Solenoid B Control Circuit Range/Performance', NULL, NULL),
(868, 'P0976', 'Shift Solenoid B Control Circuit Low', NULL, NULL),
(869, 'P0977', 'Shift Solenoid B Control Circuit High', NULL, NULL),
(870, 'P0978', 'Shift Solenoid C Control Circuit Range/Performance', NULL, NULL),
(871, 'P0979', 'Shift Solenoid C Control Circuit Low', NULL, NULL),
(872, 'P0980', 'Shift Solenoid C Control Circuit High', NULL, NULL),
(873, 'P0981', 'Shift Solenoid D Control Circuit Range/Performance', NULL, NULL),
(874, 'P0982', 'Shift Solenoid D Control Circuit Low', NULL, NULL),
(875, 'P0983', 'Shift Solenoid D Control Circuit High', NULL, NULL),
(876, 'P0984', 'Shift Solenoid E Control Circuit Range/Performance', NULL, NULL),
(877, 'P0985', 'Shift Solenoid E Control Circuit Low', NULL, NULL),
(878, 'P0986', 'Shift Solenoid E Control Circuit High', NULL, NULL),
(879, 'P0987', 'Transmission Fluid Pressure Sensor/Switch E Circuit', NULL, NULL),
(880, 'P0988', 'Transmission Fluid Pressure Sensor/Switch E Circuit Range/Performance', NULL, NULL),
(881, 'P0989', 'Transmission Fluid Pressure Sensor/Switch E Circuit Low', NULL, NULL),
(882, 'P0990', 'Transmission Fluid Pressure Sensor/Switch E Circuit High', NULL, NULL),
(883, 'P0991', 'Transmission Fluid Pressure Sensor/Switch E Circuit Intermittent', NULL, NULL),
(884, 'P0992', 'Transmission Fluid Pressure Sensor/Switch F Circuit', NULL, NULL),
(885, 'P0993', 'Transmission Fluid Pressure Sensor/Switch F Circuit Range/Performance', NULL, NULL),
(886, 'P0994', 'Transmission Fluid Pressure Sensor/Switch F Circuit Low', NULL, NULL),
(887, 'P0995', 'Transmission Fluid Pressure Sensor/Switch F Circuit High', NULL, NULL),
(888, 'P0996', 'Transmission Fluid Pressure Sensor/Switch F Circuit Intermittent', NULL, NULL),
(889, 'P0997', 'Shift Solenoid F Control Circuit Range/Performance', NULL, NULL),
(890, 'P0998', 'Shift Solenoid F Control Circuit Low', NULL, NULL),
(891, 'P0999', 'Shift Solenoid F Control Circuit High', NULL, NULL);

-- --------------------------------------------------------

--
-- Table structure for table `pinout_airbag`
--

CREATE TABLE `pinout_airbag` (
  `model_id` int(11) NOT NULL,
  `model_name` varchar(255) NOT NULL,
  `model_description` text,
  `image_path` varchar(255) DEFAULT NULL
) ENGINE=InnoDB DEFAULT CHARSET=latin1;

--
-- Dumping data for table `pinout_airbag`
--

INSERT INTO `pinout_airbag` (`model_id`, `model_name`, `model_description`, `image_path`) VALUES
(1, 'Audi A6 4F0959655B Siemens 5WK43416', 'Audi A6 4F0959655B Siemens 5WK43416', 'images/PINOUTS-SRS/Audi A6 4F0959655B Siemens 5WK43416.jpg'),
(2, 'VAG 5Q0 959 655 D pinout', 'Description for Airbag Model B', 'images/PINOUTS-SRS/VAG 5Q0 959 655 D pinout.jpg'),
(3, 'KIA PICANTO 95910-1Y110 95128 pinout', 'between can l and can h resistor 500ohm and connection ok', 'images/PINOUTS-SRS/KIA PICANTO 95910-1Y110 95128 pinout.jpg'),
(4, 'Citroen Jumper Siemens 1328447080 5WK43154', 'Citroen Jumper Siemens 1328447080 5WK43154', 'images/PINOUTS-SRS/Citroen Jumper Siemens 1328447080 5WK43154.jpg'),
(5, ' Kia Sorrento Siemens 95910-3E050 5WY67055', ' Kia Sorrento Siemens 95910-3E050 5WY67055, Kia Sorrento Siemens 95910-3E2005WK43245+12V (OBD 16) : pin 26GND (OBD 4,5) : pin 28K-Line (OBD 12) : pin 54', 'images/PINOUTS-SRS/Kia Sorrento Siemens 95910-3E050 5WY67055.jpg'),
(6, 'Mitsubishi Lancer MN141262 W2T62174 and MN141261 W2T62175+12V (OBD 16)', 'Mitsubishi Lancer MN141262 W2T62174 and MN141261 W2T62175+12V (OBD 16)', 'images/PINOUTS-SRS/Mitsubishi Lancer MN141262 W2T62174 and MN141261 W2T62175+12V (OBD 16).jpg'),
(7, 'Opel Astra H Temic 13 188 857 327963935+12V', 'Opel Astra H Temic 13 188 857 327963935+12V', 'images/PINOUTS-SRS/Opel Astra H Temic 13 188 857 327963935+12V.jpg'),
(8, 'Porsche Boxer Temic 996.618.219.01 95710701+12V (OBD 16)', 'Porsche Boxer Temic 996.618.219.01 95710701+12V (OBD 16)', 'images/PINOUTS-SRS/Porsche Boxer Temic 996.618.219.01 95710701+12V (OBD 16).jpg'),
(9, 'Renault Traffic Autoliv 8200112746 601959800+12V (OBD 16)', 'Renault Traffic Autoliv 8200112746 601959800+12V (OBD 16)', 'images/PINOUTS-SRS/Renault Traffic Autoliv 8200112746 601959800+12V (OBD 16).jpg'),
(10, 'Renault Kangoo Autoliv 8200381654 605044900+12V (OBD 16)', 'Renault Kangoo Autoliv 8200381654 605044900+12V (OBD 16)', 'images/PINOUTS-SRS/Renault Kangoo Autoliv 8200381654 605044900+12V (OBD 16).jpg'),
(11, 'Renault Traffic II Autoliv 8200435339 605488300+12V (OBD 16)', 'Renault Traffic II Autoliv 8200435339 605488300+12V (OBD 16)', 'images/PINOUTS-SRS/Renault Traffic II Autoliv 8200435339 605488300+12V (OBD 16).jpg'),
(12, 'VAG vw51 ', 'VAG VW51', 'images/PINOUTS-SRS/VAG vw51 .jpg'),
(13, 'VAG TRW VW1012V (16)', 'VAG TRW VW1012V (16)', 'images/PINOUTS-SRS/VAG TRW VW1012V (16).jpg'),
(14, 'Ford/Mazda/Jaguar/LandRover (with Infineon)', 'Ford/Mazda/Jaguar/LandRover (with Infineon)', 'images/PINOUTS-SRS/FordMazdaJaguarLandRover (with Infineon).jpg'),
(15, 'Kia/Hyundai new / Nissan new', 'Kia/Hyundai new/ Nissan new', 'images/PINOUTS-SRS/Kia Hyundai new Nissan new.jpg'),
(16, 'Renault Megane II Scenic II / Renault Laguna III, Megane III, Scenic III / Renault/Dacia on SPC560', 'Renault Megane II Scenic II / Renault Laguna III, Megane III, Scenic III / Renault/Dacia on SPC560', 'images/PINOUTS-SRS/Renault Laguna III, Megane III, Scenic III  RenaultDacia on SPC560.jpg'),
(17, 'Subaru Denso -2012 K-line / Subaru-Toyota Denso 2012+ (Renesas)', 'Subaru Denso -2012 K-line / Subaru-Toyota Denso 2012+ (Renesas)', 'images/PINOUTS-SRS/Subaru Denso -2012 K-line  Subaru-Toyota Denso 2012+ (Renesas).jpg'),
(18, 'Dacia Duster : PIN 5 +, PIN 30 - ,PIN 9 K-line / Dacia Logan : PIN 5 +, PIN 20 - ,PIN 9 K-line GM new', 'Dacia Duster : PIN 5 +, PIN 30 - ,PIN 9 K-line / Dacia Logan : PIN 5 +, PIN 20 - ,PIN 9 K-line GM new', 'images/PINOUTS-SRS/Dacia Duster  PIN 5 +, PIN 30 - ,PIN 9 K-line  Dacia Logan  PIN 5 +, PIN 20 - ,PIN 9 K-line GM new.jpg'),
(19, 'VOLVO V40 on Infineon', 'VOLVO V40 on Infineon', 'images/PINOUTS-SRS/VOLVO V40 on Infineon.jpg'),
(20, 'Renault Kadjar or similar on Infineon\n\n', 'Renault Kadjar or similar on Infineon\n\n', 'images/PINOUTS-SRS/Renault Kadjar or similar on Infineon\n.jpg'),
(21, ' KIA CARENS NEW INFINEON', ' KIA CARENS NEW INFINEON', 'images/PINOUTS-SRS/KIA CARENS NEW INFINEON.jpg'),
(22, 'Hyundai i40 Mobis 95910-3Z300 and similar', 'Hyundai i40 Mobis 95910-3Z300 and similar', 'images/PINOUTS-SRS/Hyundai i40 Mobis 95910-3Z300 and similar.jpg'),
(23, 'Mazda CX-5 KA0G-57K30  ', 'Mazda CX-5 KA0G-57K30 Mercedes C class Continental Siemens ', 'images/PINOUTS-SRS/Mazda CX-5 KA0G-57K30.jpg'),
(25, 'Honda (old) on TMS320PIN 17 - 12v,', 'Honda (old) on TMS320PIN 17 - 12v,', 'images/PINOUTS-SRS/Honda (old) on TMS320PIN 17 - 12v.jpg'),
(26, 'Hyundai H1 2016 95910-4H080 on Infineon ', 'Hyundai H1 2016 95910-4H080 on Infineon', 'images/PINOUTS-SRS/Honda (old) on TMS320PIN 17 - 12v.jpg'),
(27, 'Fiat Tipo 2017', 'Fiat Tipo 2017', 'images/PINOUTS-SRS/Fiat Tipo 2017.jpg'),
(28, 'Audi A1 8X0959655B 0285011212 pinout', 'Audi A1 8X0959655B 0285011212 pinout', 'images/PINOUTS-SRS/Audi A1 8X0959655B 0285011212 pinout.jpg'),
(29, 'Nissan Micra 0285001474 98820-AX502 MC68HC912D60 - pinout', 'Nissan Micra 0285001474 98820-AX502 MC68HC912D60 - pinout', 'images/PINOUTS-SRS/Nissan Micra 0285001474 98820-AX502 MC68HC912D60 - pinout.jpg'),
(30, 'Ford C-MAX 2013 AM5T-14B321-AE 0 285 010 825 95320 pinout', 'Ford C-MAX 2013 AM5T-14B321-AE 0 285 010 825 95320 pinout', 'images/PINOUTS-SRS/Ford C-MAX 2013 AM5T-14B321-AE 0 285 010 825 95320 pinout.jpg'),
(31, 'Kia Hyundai Mobis', 'Kia Hyundai Mobis', 'images/PINOUTS-SRS/Kia Hyundai Mobis.jpg'),
(32, 'Renault/Dacia Logan I, Duster I', 'Renault/Dacia Logan I, Duster I', 'images/PINOUTS-SRS/Renault Dacia Logan I, Duster I.jpg'),
(33, 'Renault Fluence', 'Renault Fluence', 'images/PINOUTS-SRS/Renault Fluence.jpg'),
(34, 'Renault Megane II Autoliv', 'Renault Megane II Autoliv', 'images/PINOUTS-SRS/Renault Megane II Autoliv.jpg'),
(35, 'Hyundai i30 Mobis 95910-2R000 95910-2R100 eeprom 95640 pinout', 'Hyundai i30 Mobis 95910-2R000 95910-2R100 eeprom 95640 pinout', 'images/PINOUTS-SRS/Hyundai i30 Mobis 95910-2R000 95910-2R100 eeprom 95640 pinout.jpg'),
(36, 'VW GOLF VI VW10 5K0959655D 95640 pinout', 'VW GOLF VI VW10 5K0959655D 95640 pinout', 'images/PINOUTS-SRS/VW GOLF VI VW10 5K0959655D 95640 pinout.jpg'),
(37, 'Kia Optima 2017 95910-D4150 spc560 pinout ', 'Kia Optima 2017 95910-D4150 spc560 pinout ', 'images/PINOUTS-SRS/Kia Optima 2017 95910-D4150 spc560 pinout.jpg'),
(38, 'MEGANE III / SCENIC III / FLUENCE / LATITUDE / LAGUNA III AIRBAG COMPUTER', 'MEGANE III / SCENIC III / FLUENCE / LATITUDE / LAGUNA III AIRBAG COMPUTER', 'images/PINOUTS-SRS/MEGANE III  SCENIC III  FLUENCE LATITUDE  LAGUNA III AIRBAG COMPUTER.jpg'),
(39, 'TWINGO II (X44) / KANGOO II (X61) AIRBAG COMPUTER', 'TWINGO II (X44) / KANGOO II (X61) AIRBAG COMPUTER', 'images/PINOUTS-SRS/TWINGO II (X44)  KANGOO II (X61) AIRBAG COMPUTER.jpg'),
(40, 'CLIO IV (X98) / ZOE / CAPTUR / NEW TRAFIC / DACIA LOGAN / LODGY, etc. CONTINENTAL AIRBAG COMPUTER WITH MCU SPC560', 'CLIO IV (X98) / ZOE / CAPTUR / NEW TRAFIC / DACIA LOGAN / LODGY, etc. CONTINENTAL AIRBAG COMPUTER WITH MCU SPC560', 'images/PINOUTS-SRS/CLIO IV (X98)  ZOE  CAPTUR  NEW TRAFIC  DACIA LOGAN  LODGY CONTINENTAL AIRBAG COMPUTER WITH MCU SPC560.jpg'),
(41, 'MASTER III (2010+) / OPEL MOVANO-B (2010+)\n\nMODUS Ph2 (2007+) / CLIO III Ph2 (2008+)\n\nAUTOLIV AIRBAG COMPUTER RC5_P1_P2', 'MASTER III (2010+) / OPEL MOVANO-B (2010+)\n\nMODUS Ph2 (2007+) / CLIO III Ph2 (2008+)\n\nAUTOLIV AIRBAG COMPUTER RC5_P1_P2', 'images/PINOUTS-SRS/MASTERIII2010OEL MOVANOB2010MODUSPh2007CLIO IIIPh22008.jpg'),
(42, 'MEGANE II / SCENIC II (2002-2009) AUTOLIV AIRBAG COMPUTER ACU4', 'MEGANE II / SCENIC II (2002-2009)\n\nAUTOLIV AIRBAG COMPUTER ACU4', 'images/PINOUTS-SRS/MEGANEIISCENIC II20022009AUTOLIVAIRBAGOMPUTERACU4.jpg'),
(43, ' ESPACE III SIEMENS SDM AIRBAG COMPUTER', ' ESPACE III SIEMENS SDM AIRBAG COMPUTER', 'images/PINOUTS-SRS/ESPACE III SIEMENS SDM AIRBAG COMPUTER.jpg'),
(44, 'LOGAN (X90) / DUSTER (H79) / SANDERO TEMIC-CONTINENTAL AIRBAG COMPUTER (WITH ORANGE CONNECTOR)', 'LOGAN (X90) / DUSTER (H79) / SANDERO\n\nTEMIC-CONTINENTAL AIRBAG COMPUTER (WITH ORANGE CONNECTOR)', 'images/PINOUTS-SRS/LOGANX90 DUSTERH79SANDEROTEMICCONTINENTAL.jpg'),
(45, 'LOGAN (X90) / DUSTER (H79) / SANDERO TEMIC-CONTINENTAL AIRBAG COMPUTER (WITH YELLOW CONNECTOR)', 'LOGAN (X90) / DUSTER (H79) / SANDERO\n\nTEMIC-CONTINENTAL AIRBAG COMPUTER (WITH YELLOW CONNECTOR)', 'images/PINOUTS-SRS/LOGANX90 DUSTERH79SANDERO TEMICCONTINENTAL AIRBAG COMPUTER WITH YELLOW CONNECTOR.jpg'),
(46, 'CLIO II (1998-2000)BOSCH AIRBAG COMPUTER (WITH YELLOW CONNECTOR)', 'CLIO II (1998-2000)\n\nBOSCH AIRBAG COMPUTER (WITH YELLOW CONNECTOR)', 'images/PINOUTS-SRS/CLIO II (1998-2000)BOSCH AIRBAG COMPUTER (WITH YELLOW CONNECTOR).jpg'),
(47, 'CLIO II PH2/3/4 (2001-2004) BOSCH AIRBAG COMPUTER AB8.X (WITH GREY CONNECTOR)', 'CLIO II PH2/3/4 (2001-2004)\n\nBOSCH AIRBAG COMPUTER AB8.X (WITH GREY CONNECTOR)', 'images/PINOUTS-SRS/CLIO II PH234 (2001-2004) BOSCH AIRBAG COMPUTER AB8 (WITH GREY CONNECTOR).jpg'),
(48, 'KADJAR 2015+ AUTOLIV AIRBAG COMPUTER RC7 (MCU XC2336)', 'KADJAR 2015+\n\nAUTOLIV AIRBAG COMPUTER RC7 (MCU XC2336)', 'images/PINOUTS-SRS/KADJAR 2015 AUTOLIV AIRBAG COMPUTER RC7 (MCU XC2336).jpg'),
(49, 'Mercedes C class Continental Siemens', 'Mercedes C class Continental Siemens', 'images/PINOUTS-SRS/Mercedes C class Continental Siemens.jpg'),
(50, 'NO', 'NO Description', NULL);

-- --------------------------------------------------------

--
-- Table structure for table `users`
--

CREATE TABLE `users` (
  `user_id` int(11) NOT NULL,
  `username` varchar(50) NOT NULL,
  `password` varchar(255) NOT NULL,
  `role` enum('normal','admin') NOT NULL DEFAULT 'normal',
  `hwid` varchar(255) DEFAULT NULL
) ENGINE=InnoDB DEFAULT CHARSET=latin1;

--
-- Dumping data for table `users`
--

INSERT INTO `users` (`user_id`, `username`, `password`, `role`, `hwid`) VALUES
(1, 'ayoub', 'atigui', 'admin', 'ee3e0a74fb915bea7640e12f395a70b7'),
(2, '11', '11', 'normal', 'ee3e0a74fb915bea7640e12f395a70b7');

-- --------------------------------------------------------

--
-- Table structure for table `vehicle_data`
--

CREATE TABLE `vehicle_data` (
  `repair_mark_model_year_version` varchar(255) DEFAULT NULL,
  `data_id` int(11) NOT NULL,
  `make_id` int(11) NOT NULL,
  `model_id` int(11) NOT NULL,
  `year_id` int(11) NOT NULL,
  `version_name` varchar(255) DEFAULT NULL,
  `version` varchar(255) DEFAULT NULL,
  `engine_code` varchar(255) DEFAULT NULL,
  `engine_size` varchar(255) DEFAULT NULL,
  `power` varchar(255) DEFAULT NULL,
  `torque` varchar(255) DEFAULT NULL,
  `oil_capacity` varchar(255) DEFAULT NULL,
  `html_page_path` varchar(255) DEFAULT NULL,
  `ecu_spec_image` varchar(255) DEFAULT NULL,
  `ecu_spec_reference` text,
  `car_parts` text,
  `car_parts_images` text,
  `electrical_schema_image` varchar(255) DEFAULT NULL,
  `carimage` varchar(255) DEFAULT NULL
) ENGINE=InnoDB DEFAULT CHARSET=latin1;

--
-- Dumping data for table `vehicle_data`
--

INSERT INTO `vehicle_data` (`repair_mark_model_year_version`, `data_id`, `make_id`, `model_id`, `year_id`, `version_name`, `version`, `engine_code`, `engine_size`, `power`, `torque`, `oil_capacity`, `html_page_path`, `ecu_spec_image`, `ecu_spec_reference`, `car_parts`, `car_parts_images`, `electrical_schema_image`, `carimage`) VALUES
('BMW/SERI1/2007-2011/1.6 116i code moteur : N43 B16A/AA', 21, 1, 1, 1, '1.6 116i code moteur : N43 B16A/AA', '2', 'A25A-FKS', '2.5L', '203 hp', '250 Nm', '4.8 L', 'htmlp\\bmw\\s1\\2007-2011\\1.6 116i-M-N43 B16AAA\\menu.html', NULL, NULL, NULL, NULL, NULL, 'images\\CARX4IMAGE\\BMW\\S1\\2004 - 2007 BMW 1 Series Hatchback (E87)\\130i (265 Hp) Steptronic 2005 - 2007.png');

-- --------------------------------------------------------

--
-- Table structure for table `years`
--

CREATE TABLE `years` (
  `year_id` int(11) NOT NULL,
  `year` text NOT NULL,
  `text` text NOT NULL
) ENGINE=InnoDB DEFAULT CHARSET=latin1;

--
-- Dumping data for table `years`
--

INSERT INTO `years` (`year_id`, `year`, `text`) VALUES
(1, '2007 - 2011 BMW 1 Series', '1');

--
-- Indexes for dumped tables
--

--
-- Indexes for table `car_fuse_box`
--
ALTER TABLE `car_fuse_box`
  ADD PRIMARY KEY (`id`);

--
-- Indexes for table `ecu_models`
--
ALTER TABLE `ecu_models`
  ADD PRIMARY KEY (`model_id`);

--
-- Indexes for table `makes`
--
ALTER TABLE `makes`
  ADD PRIMARY KEY (`make_id`),
  ADD UNIQUE KEY `make_name` (`make_name`);

--
-- Indexes for table `models`
--
ALTER TABLE `models`
  ADD PRIMARY KEY (`model_id`),
  ADD KEY `make_id` (`make_id`);

--
-- Indexes for table `model_versions`
--
ALTER TABLE `model_versions`
  ADD PRIMARY KEY (`version_id`);

--
-- Indexes for table `obd_codes`
--
ALTER TABLE `obd_codes`
  ADD PRIMARY KEY (`id`);

--
-- Indexes for table `pinout_airbag`
--
ALTER TABLE `pinout_airbag`
  ADD PRIMARY KEY (`model_id`);

--
-- Indexes for table `users`
--
ALTER TABLE `users`
  ADD PRIMARY KEY (`user_id`),
  ADD UNIQUE KEY `username` (`username`);

--
-- Indexes for table `vehicle_data`
--
ALTER TABLE `vehicle_data`
  ADD PRIMARY KEY (`data_id`),
  ADD KEY `make_id` (`make_id`),
  ADD KEY `model_id` (`model_id`),
  ADD KEY `year_id` (`year_id`);

--
-- Indexes for table `years`
--
ALTER TABLE `years`
  ADD PRIMARY KEY (`year_id`),
  ADD KEY `year_id` (`year_id`);

--
-- AUTO_INCREMENT for dumped tables
--

--
-- AUTO_INCREMENT for table `car_fuse_box`
--
ALTER TABLE `car_fuse_box`
  MODIFY `id` int(11) NOT NULL AUTO_INCREMENT, AUTO_INCREMENT=36;
--
-- AUTO_INCREMENT for table `ecu_models`
--
ALTER TABLE `ecu_models`
  MODIFY `model_id` int(11) NOT NULL AUTO_INCREMENT, AUTO_INCREMENT=256;
--
-- AUTO_INCREMENT for table `makes`
--
ALTER TABLE `makes`
  MODIFY `make_id` int(11) NOT NULL AUTO_INCREMENT, AUTO_INCREMENT=60;
--
-- AUTO_INCREMENT for table `models`
--
ALTER TABLE `models`
  MODIFY `model_id` int(11) NOT NULL AUTO_INCREMENT, AUTO_INCREMENT=92;
--
-- AUTO_INCREMENT for table `model_versions`
--
ALTER TABLE `model_versions`
  MODIFY `version_id` int(11) NOT NULL AUTO_INCREMENT, AUTO_INCREMENT=3;
--
-- AUTO_INCREMENT for table `obd_codes`
--
ALTER TABLE `obd_codes`
  MODIFY `id` int(11) NOT NULL AUTO_INCREMENT, AUTO_INCREMENT=892;
--
-- AUTO_INCREMENT for table `pinout_airbag`
--
ALTER TABLE `pinout_airbag`
  MODIFY `model_id` int(11) NOT NULL AUTO_INCREMENT, AUTO_INCREMENT=51;
--
-- AUTO_INCREMENT for table `users`
--
ALTER TABLE `users`
  MODIFY `user_id` int(11) NOT NULL AUTO_INCREMENT, AUTO_INCREMENT=3;
--
-- AUTO_INCREMENT for table `vehicle_data`
--
ALTER TABLE `vehicle_data`
  MODIFY `data_id` int(11) NOT NULL AUTO_INCREMENT, AUTO_INCREMENT=22;
--
-- AUTO_INCREMENT for table `years`
--
ALTER TABLE `years`
  MODIFY `year_id` int(11) NOT NULL AUTO_INCREMENT, AUTO_INCREMENT=2;
--
-- Constraints for dumped tables
--

--
-- Constraints for table `models`
--
ALTER TABLE `models`
  ADD CONSTRAINT `models_ibfk_1` FOREIGN KEY (`make_id`) REFERENCES `makes` (`make_id`);

--
-- Constraints for table `vehicle_data`
--
ALTER TABLE `vehicle_data`
  ADD CONSTRAINT `vehicle_data_ibfk_1` FOREIGN KEY (`make_id`) REFERENCES `makes` (`make_id`),
  ADD CONSTRAINT `vehicle_data_ibfk_2` FOREIGN KEY (`model_id`) REFERENCES `models` (`model_id`),
  ADD CONSTRAINT `vehicle_data_ibfk_3` FOREIGN KEY (`year_id`) REFERENCES `years` (`year_id`);

/*!40101 SET CHARACTER_SET_CLIENT=@OLD_CHARACTER_SET_CLIENT */;
/*!40101 SET CHARACTER_SET_RESULTS=@OLD_CHARACTER_SET_RESULTS */;
/*!40101 SET COLLATION_CONNECTION=@OLD_COLLATION_CONNECTION */;
